{
  "effects": [],
  "folder": "5Edj401f5rN7XMuT",
  "img": "systems/swade/assets/icons/edge.svg",
  "name": "Сміттяр",
  "type": "edge",
  "system": {
    "source": "SWADE Core Rules UA",
    "additionalStats": {},
    "description": "<p>Пов'язані переваги: @Compendium[swade-core-rules.swade-edges.Щасливець]{Щасливець}</p><p>Один раз протягом зіткнення персонаж може знайти, «раптово згадати» або відкопати в сумці дуже потрібне спорядження, кілька патронів або якийсь інший корисний пристрій.</p><p>Ігромайстер вирішує, що вважати зіткненням і що можна чи не можна знайти за поточних обставин.</p>",
    "isArcaneBackground": false,
    "notes": "",
    "requirements": [
      {
        "type": "rank",
        "value": 0,
        "combinator": "and",
        "selector": ""
      },
      {
        "type": "edge",
        "label": "Щасливець",
        "selector": "luck",
        "value": "",
        "combinator": "and"
      }
    ],
    "category": "Дивні",
    "swid": "scavenger",
    "choiceSets": [],
    "favorite": false,
    "grants": []
  },
  "_stats": {
    "coreVersion": "13.347",
    "systemId": "swade",
    "systemVersion": "5.0.5",
    "createdTime": 1757072059514,
    "modifiedTime": 1757072059514,
    "lastModifiedBy": "TW8E9Ylq0NMu40vd",
    "exportSource": {
      "worldId": "testsavage",
      "uuid": "Item.WcZwE0vSrn4FjtPF",
      "coreVersion": "13.347",
      "systemId": "swade",
      "systemVersion": "5.0.5"
    }
  },
  "flags": {
    "sigil": {
      "completed": true
    }
  }
}