{
  "effects": [
    {
      "_id": "tZfeHaS9PxaIn0mX",
      "name": "Винахідливий боєць",
      "changes": [
        {
          "key": "@Weapon{Імпровізована зброя (Легка)}[system.actions.traitMod]",
          "mode": 4,
          "value": "0",
          "priority": null
        },
        {
          "key": "@Weapon{Імпровізована зброя (Середня)}[system.actions.traitMod]",
          "mode": 4,
          "value": "0",
          "priority": null
        },
        {
          "key": "@Weapon{Імпровізована зброя (Важка)}[system.actions.traitMod]",
          "mode": 4,
          "value": "0",
          "priority": null
        }
      ],
      "disabled": false,
      "duration": {
        "startTime": null,
        "seconds": null,
        "combat": null,
        "rounds": null,
        "turns": null,
        "startRound": null,
        "startTurn": null
      },
      "flags": {
        "sigil": {
          "completed": true
        }
      },
      "tint": "#ffffff",
      "transfer": true,
      "description": "<p>Персонажі часто опиняються в ситуаціях, коли доводиться воювати тим, що зовсім для бою не призначене. Персонаж із цією перевагою має хист до такої імпровізованої зброї. Він ігнорує звичайний штраф −2, коли користується нею. Див. <strong>@UUID[Compendium.swade-core-rules.swade-rules.swadecor03rules0.JournalEntryPage.03improvisedwe00]{«Імпровізована зброя»}</strong>.</p>",
      "_stats": {
        "coreVersion": "13.347",
        "systemId": "swade",
        "systemVersion": "5.0.5",
        "lastModifiedBy": null
      },
      "img": "systems/swade/assets/icons/edge.svg",
      "type": "base",
      "system": {
        "removeEffect": false,
        "expiration": null,
        "loseTurnOnHold": false,
        "favorite": false,
        "conditionalEffect": false
      },
      "origin": null,
      "statuses": [],
      "sort": 0
    }
  ],
  "folder": "5Edj401f5rN7XMuT",
  "img": "modules/swade-core-rules/assets/edges/%D0%B2%D0%B8%D0%BD%D0%B0%D1%85%D1%96%D0%B4%D0%BB%D0%B8%D0%B2%D0%B8%D0%B9-%D0%B1%D0%BE%D1%94%D1%86%D1%8C.webp",
  "name": "Винахідливий боєць",
  "type": "edge",
  "system": {
    "source": "SWADE Core Rules UA",
    "additionalStats": {},
    "description": "<p>Персонажі часто опиняються в ситуаціях, коли доводиться воювати тим, що зовсім для бою не призначене. Персонаж із цією перевагою має хист до такої імпровізованої зброї. Він ігнорує звичайний штраф −2, коли користується нею. Див. <strong>@UUID[Compendium.swade-core-rules.swade-rules.swadecor03rules0.JournalEntryPage.03improvisedwe00]{«Імпровізована зброя»}</strong>.</p>",
    "isArcaneBackground": false,
    "notes": "",
    "requirements": [
      {
        "type": "rank",
        "selector": "",
        "value": 1,
        "combinator": "and"
      },
      {
        "type": "attribute",
        "selector": "smarts",
        "value": 6,
        "combinator": "and"
      }
    ],
    "category": "Бойові",
    "swid": "improvisational-fighter",
    "choiceSets": [],
    "favorite": false,
    "grants": []
  },
  "_stats": {
    "coreVersion": "13.347",
    "systemId": "swade",
    "systemVersion": "5.0.5",
    "createdTime": 1757072059514,
    "modifiedTime": 1757072059514,
    "lastModifiedBy": "TW8E9Ylq0NMu40vd",
    "exportSource": {
      "worldId": "testsavage",
      "uuid": "Item.H9Yv5UZY6HMS1jIy",
      "coreVersion": "13.347",
      "systemId": "swade",
      "systemVersion": "5.0.5"
    }
  },
  "flags": {
    "sigil": {
      "completed": true
    }
  }
}