{
  "effects": [],
  "folder": "5Edj401f5rN7XMuT",
  "img": "systems/swade/assets/icons/edge.svg",
  "name": "Майстер",
  "type": "edge",
  "system": {
    "source": "SWADE Core Rules UA",
    "additionalStats": {},
    "description": "<p>Козирну кістку персонажа підвищено до к10 для перевірок вибраної риси, покращеної перевагою @Compendium[swade-core-rules.swade-edges.Експерт]{«Експерт»}.</p>",
    "isArcaneBackground": false,
    "notes": "",
    "requirements": [
      {
        "type": "wildCard",
        "value": true,
        "combinator": "and",
        "selector": ""
      },
      {
        "type": "rank",
        "value": 4,
        "combinator": "and",
        "selector": ""
      },
      {
        "type": "edge",
        "label": "Експерт у рисі для цієї переваги",
        "selector": "expert",
        "value": "",
        "combinator": "and"
      }
    ],
    "category": "Легендарні",
    "swid": "master",
    "choiceSets": [],
    "favorite": false,
    "grants": []
  },
  "_stats": {
    "coreVersion": "13.347",
    "systemId": "swade",
    "systemVersion": "5.0.5",
    "createdTime": 1757072059676,
    "modifiedTime": 1757072059676,
    "lastModifiedBy": "TW8E9Ylq0NMu40vd",
    "exportSource": {
      "worldId": "testsavage",
      "uuid": "Item.xOg2tNyShc591SPg",
      "coreVersion": "13.347",
      "systemId": "swade",
      "systemVersion": "5.0.5"
    }
  },
  "flags": {
    "sigil": {
      "completed": true
    }
  }
}