{
  "effects": [
    {
      "_id": "dHqIrpXx8rA1HUYG",
      "changes": [
        {
          "key": "system.stats.parry.value",
          "mode": 2,
          "value": "1",
          "priority": null
        }
      ],
      "disabled": false,
      "duration": {
        "startTime": null,
        "seconds": null,
        "combat": null,
        "rounds": null,
        "turns": null,
        "startRound": null,
        "startTurn": null
      },
      "flags": {
        "sigil": {
          "completed": true
        }
      },
      "name": "Уміле блокування",
      "tint": "#ffffff",
      "transfer": true,
      "description": "<p>Покращення для: @Compendium[swade-core-rules.swade-edges.Блокування]{Блокування}</p><p>Бонус @UUID[Compendium.swade-core-rules.swade-rules.swadecor01charac.JournalEntryPage.01characters0000]{відбивання} персонажа тепер +2, а бонус @UUID[Compendium.swade-core-rules.swade-rules.swadecor03rules0.JournalEntryPage.03gangingup00000]{оточення} проти нього має −2.</p><p></p>",
      "_stats": {
        "coreVersion": "13.347",
        "systemId": "swade",
        "systemVersion": "5.0.5",
        "lastModifiedBy": null
      },
      "img": "systems/swade/assets/icons/edge.svg",
      "type": "base",
      "system": {
        "removeEffect": false,
        "expiration": null,
        "loseTurnOnHold": false,
        "favorite": false,
        "conditionalEffect": false
      },
      "origin": null,
      "statuses": [],
      "sort": 0
    }
  ],
  "folder": "5Edj401f5rN7XMuT",
  "img": "modules/swade-core-rules/assets/edges/%D1%83%D0%BC%D1%96%D0%BB%D0%B5-%D0%B1%D0%BB%D0%BE%D0%BA%D1%83%D0%B2%D0%B0%D0%BD%D0%BD%D1%8F.webp",
  "name": "Уміле блокування",
  "type": "edge",
  "system": {
    "source": "SWADE Core Rules UA",
    "additionalStats": {},
    "description": "<p>Покращення для: @Compendium[swade-core-rules.swade-edges.Блокування]{Блокування}</p><p>Бонус @UUID[Compendium.swade-core-rules.swade-rules.swadecor01charac.JournalEntryPage.01characters0000]{відбивання} персонажа тепер +2, а бонус @UUID[Compendium.swade-core-rules.swade-rules.swadecor03rules0.JournalEntryPage.03gangingup00000]{оточення} проти нього має −2.</p><p></p>",
    "isArcaneBackground": false,
    "notes": "",
    "requirements": [
      {
        "type": "rank",
        "value": 2,
        "combinator": "and",
        "selector": ""
      },
      {
        "type": "edge",
        "label": "Блокування",
        "selector": "block",
        "value": "",
        "combinator": "and"
      }
    ],
    "category": "Бойові",
    "swid": "improved-block",
    "choiceSets": [],
    "favorite": false,
    "grants": []
  },
  "_stats": {
    "coreVersion": "13.347",
    "systemId": "swade",
    "systemVersion": "5.0.5",
    "createdTime": 1757072059514,
    "modifiedTime": 1757072059514,
    "lastModifiedBy": "TW8E9Ylq0NMu40vd",
    "exportSource": {
      "worldId": "testsavage",
      "uuid": "Item.0NxWUIWyA8wRpW5Y",
      "coreVersion": "13.347",
      "systemId": "swade",
      "systemVersion": "5.0.5"
    }
  },
  "flags": {
    "sigil": {
      "completed": true
    }
  }
}