{
  "effects": [],
  "folder": "5Edj401f5rN7XMuT",
  "img": "systems/swade/assets/icons/edge.svg",
  "name": "Убивча точність",
  "type": "edge",
  "system": {
    "source": "SWADE Core Rules UA",
    "additionalStats": {},
    "description": "<p>Коли ваша @UUID[Compendium.swade-core-rules.swade-rules.JournalEntry.swadecor03rules0.JournalEntryPage.03actioncardsi00]{карта дії} — «Джокер», подвійте загальні ушкодження вашого першого успішного кидка на @Compendium[swade-core-rules.swade-skills.Атлетизм]{атлетизм} (метання) або @Compendium[swade-core-rules.swade-skills.Стрільба]{стрільбу} в поточному раунді.</p>",
    "isArcaneBackground": false,
    "notes": "",
    "requirements": [
      {
        "type": "wildCard",
        "value": true,
        "combinator": "and",
        "selector": ""
      },
      {
        "type": "rank",
        "value": 0,
        "combinator": "and",
        "selector": ""
      },
      {
        "type": "skill",
        "label": "Атлетизм",
        "selector": "athletics",
        "value": 8,
        "combinator": "or"
      },
      {
        "type": "skill",
        "label": "Стрільба",
        "selector": "shooting",
        "value": 8,
        "combinator": "and"
      }
    ],
    "category": "Бойові",
    "swid": "dead-shot",
    "choiceSets": [],
    "favorite": false,
    "grants": [
      {
        "name": "Убивча точність",
        "img": "systems/swade/assets/icons/action.svg",
        "uuid": "Compendium.swade-core-rules.swade-actions.Item.qBxPSgpOG9XpKDYh"
      }
    ]
  },
  "_stats": {
    "coreVersion": "13.347",
    "systemId": "swade",
    "systemVersion": "5.0.5",
    "createdTime": 1757072059514,
    "modifiedTime": 1757072059514,
    "lastModifiedBy": "TW8E9Ylq0NMu40vd",
    "exportSource": {
      "worldId": "testsavage",
      "uuid": "Item.RpS9IJZNVXOfhGcM",
      "coreVersion": "13.347",
      "systemId": "swade",
      "systemVersion": "5.0.5"
    }
  },
  "flags": {
    "sigil": {
      "completed": true
    }
  }
}