{
  "effects": [
    {
      "_id": "lQ74CgjO4vUv7TQx",
      "changes": [
        {
          "key": "system.stats.parry.value",
          "mode": 2,
          "value": "1",
          "priority": null
        }
      ],
      "disabled": false,
      "duration": {
        "startTime": null,
        "seconds": null,
        "combat": null,
        "rounds": null,
        "turns": null,
        "startRound": null,
        "startTurn": null
      },
      "flags": {
        "sigil": {
          "completed": true
        }
      },
      "name": "Блокування",
      "tint": "#ffffff",
      "transfer": true,
      "description": "<p>З досвіду важких битв цей персонаж засвоїв майстерність захисту в рукопашному бою. Він має +1 до @UUID[Compendium.swade-core-rules.swade-rules.swadecor01charac.JournalEntryPage.01characters0000]{відбивання}, а будь-який бонус @UUID[Compendium.swade-core-rules.swade-rules.swadecor03rules0.JournalEntryPage.03gangingup00000]{оточення} проти нього має −1.</p>",
      "_stats": {
        "coreVersion": "13.347",
        "systemId": "swade",
        "systemVersion": "5.0.5",
        "lastModifiedBy": null
      },
      "img": "systems/swade/assets/icons/edge.svg",
      "type": "base",
      "system": {
        "removeEffect": false,
        "expiration": null,
        "loseTurnOnHold": false,
        "favorite": false,
        "conditionalEffect": false
      },
      "origin": null,
      "statuses": [],
      "sort": 0
    }
  ],
  "folder": "5Edj401f5rN7XMuT",
  "img": "modules/swade-core-rules/assets/edges/%D0%B1%D0%BB%D0%BE%D0%BA%D1%83%D0%B2%D0%B0%D0%BD%D0%BD%D1%8F.webp",
  "name": "Блокування",
  "type": "edge",
  "system": {
    "source": "SWADE Core Rules UA",
    "additionalStats": {},
    "description": "<p>З досвіду важких битв цей персонаж засвоїв майстерність захисту в рукопашному бою. Він має +1 до @UUID[Compendium.swade-core-rules.swade-rules.swadecor01charac.JournalEntryPage.01characters0000]{відбивання}, а будь-який бонус @UUID[Compendium.swade-core-rules.swade-rules.swadecor03rules0.JournalEntryPage.03gangingup00000]{оточення} проти нього має −1.</p>",
    "isArcaneBackground": false,
    "notes": "",
    "requirements": [
      {
        "type": "rank",
        "value": 1,
        "combinator": "and",
        "selector": ""
      },
      {
        "type": "skill",
        "label": "Бійка",
        "selector": "fighting",
        "value": 8,
        "combinator": "and"
      }
    ],
    "category": "Бойові",
    "swid": "block",
    "choiceSets": [],
    "favorite": false,
    "grants": []
  },
  "_stats": {
    "coreVersion": "13.347",
    "systemId": "swade",
    "systemVersion": "5.0.5",
    "createdTime": 1757072059514,
    "modifiedTime": 1757072059514,
    "lastModifiedBy": "TW8E9Ylq0NMu40vd",
    "exportSource": {
      "worldId": "testsavage",
      "uuid": "Item.SBF5G7442eJoVb9S",
      "coreVersion": "13.347",
      "systemId": "swade",
      "systemVersion": "5.0.5"
    }
  },
  "flags": {
    "sigil": {
      "completed": true
    }
  }
}