{
  "effects": [],
  "folder": "5Edj401f5rN7XMuT",
  "img": "modules/swade-core-rules/assets/edges/%D0%B1%D0%B5%D0%B7%D0%B6%D0%B0%D0%BB%D1%8C%D0%BD%D0%B8%D0%B9.webp",
  "name": "Безжальний",
  "type": "edge",
  "system": {
    "source": "SWADE Core Rules UA",
    "additionalStats": {},
    "description": "<p>Коли персонаж витрачає @UUID[Compendium.swade-core-rules.swade-rules.swadecor03rules0.JournalEntryPage.03bennies0000000]{талан}, щоб перекинути ушкодження, то має +2 до результату.</p>",
    "isArcaneBackground": false,
    "notes": "",
    "requirements": [
      {
        "type": "rank",
        "selector": "",
        "value": 1,
        "combinator": "and"
      }
    ],
    "category": "Бойові",
    "swid": "no-mercy",
    "choiceSets": [],
    "favorite": false,
    "grants": []
  },
  "_stats": {
    "coreVersion": "13.347",
    "systemId": "swade",
    "systemVersion": "5.0.5",
    "createdTime": 1757072059514,
    "modifiedTime": 1757072059514,
    "lastModifiedBy": "TW8E9Ylq0NMu40vd",
    "exportSource": {
      "worldId": "testsavage",
      "uuid": "Item.hjnGewP94r0PC3DQ",
      "coreVersion": "13.347",
      "systemId": "swade",
      "systemVersion": "5.0.5"
    }
  },
  "flags": {
    "sigil": {
      "completed": true
    }
  }
}