{
  "effects": [],
  "folder": "5Edj401f5rN7XMuT",
  "img": "systems/swade/assets/icons/edge.svg",
  "name": "Убивця",
  "type": "edge",
  "system": {
    "source": "SWADE Core Rules UA",
    "additionalStats": {},
    "description": "<p>Убивці спеціально тренуються, щоб знищувати навіть найсильніших ворогів. Вони мають +2 до кидків на ушкодження, коли ворога @UUID[Compendium.swade-core-rules.swade-rules.JournalEntry.swadecor03rules0.JournalEntryPage.03distractedan00]{заскочили} або він у стані @UUID[Compendium.swade-core-rules.swade-rules.JournalEntry.swadecor03rules0.JournalEntryPage.03thedrop0000000]{вразливості}.</p>",
    "isArcaneBackground": false,
    "notes": "",
    "requirements": [
      {
        "type": "rank",
        "value": 0,
        "combinator": "and",
        "selector": ""
      },
      {
        "type": "attribute",
        "selector": "agility",
        "value": 8,
        "combinator": "and"
      },
      {
        "type": "skill",
        "label": "Бійка",
        "selector": "fighting",
        "value": 6,
        "combinator": "and"
      },
      {
        "type": "skill",
        "label": "Непомітність",
        "selector": "stealth",
        "value": 8,
        "combinator": "and"
      }
    ],
    "category": "Професійні",
    "swid": "assassin",
    "choiceSets": [],
    "favorite": false,
    "grants": []
  },
  "_stats": {
    "coreVersion": "13.347",
    "systemId": "swade",
    "systemVersion": "5.0.5",
    "createdTime": 1757072059514,
    "modifiedTime": 1757072059514,
    "lastModifiedBy": "TW8E9Ylq0NMu40vd",
    "exportSource": {
      "worldId": "testsavage",
      "uuid": "Item.SQWwXROHkknpRJk9",
      "coreVersion": "13.347",
      "systemId": "swade",
      "systemVersion": "5.0.5"
    }
  },
  "flags": {
    "sigil": {
      "completed": true
    }
  }
}