{
  "effects": [],
  "folder": "5Edj401f5rN7XMuT",
  "img": "systems/swade/assets/icons/edge.svg",
  "name": "Друг звірів",
  "type": "edge",
  "system": {
    "source": "SWADE Core Rules UA",
    "additionalStats": {},
    "description": "<p>Деякі особи мають надзвичайний зв’язок зі своїми супутниками-тваринами. Вони можуть витрачати власні @UUID[Compendium.swade-core-rules.swade-rules.swadecor03rules0.JournalEntryPage.03bennies0000000]{талани} на будь-яку з тварин, яких вони контролюють, зокрема, на їздових тварин, домашніх улюбленців, фамільярів тощо.</p><p> </p>",
    "isArcaneBackground": false,
    "notes": "",
    "requirements": [
      {
        "type": "rank",
        "selector": "",
        "value": 0,
        "combinator": "and"
      }
    ],
    "category": "Дивні",
    "swid": "beast-bond",
    "choiceSets": [],
    "favorite": false,
    "grants": []
  },
  "_stats": {
    "coreVersion": "13.347",
    "systemId": "swade",
    "systemVersion": "5.0.5",
    "createdTime": 1757072059676,
    "modifiedTime": 1757072059676,
    "lastModifiedBy": "TW8E9Ylq0NMu40vd",
    "exportSource": {
      "worldId": "testsavage",
      "uuid": "Item.xz177kIqekO2lRqz",
      "coreVersion": "13.347",
      "systemId": "swade",
      "systemVersion": "5.0.5"
    }
  },
  "flags": {
    "sigil": {
      "completed": true
    }
  }
}