{
  "effects": [],
  "folder": "5Edj401f5rN7XMuT",
  "img": "systems/swade/assets/icons/edge.svg",
  "name": "Надзусилля",
  "type": "edge",
  "system": {
    "source": "SWADE Core Rules UA",
    "additionalStats": {},
    "description": "<p>Пов'язані переваги: @Compendium[swade-core-rules.swade-edges.Містичний дар (Вроджений)]{Містичний дар (Вроджений)}</p><p>Деякі персонажі з @Compendium[swade-core-rules.swade-edges.Містичний дар (Вроджений)]{вродженим даром} можуть неабияк посилювати свої здібності, проникаючи в глибини власної душі.</p><p>«Надзусилля» збільшує результат перевірок @Compendium[swade-core-rules.swade-skills.Зосередження]{зосередження} на +1 за одне @UUID[Compendium.swade-core-rules.swade-rules.JournalEntry.swadecor05powers.JournalEntryPage.05arcanebackgr00]{очко сили}, або на +2 за два очки сили. Його не можна використати для покращення @UUID[Compendium.swade-core-rules.swade-rules.swadecor03rules0.JournalEntryPage.03traitrolls0000]{критичного провалу}.</p>",
    "isArcaneBackground": false,
    "notes": "",
    "requirements": [
      {
        "type": "rank",
        "value": 1,
        "combinator": "and",
        "selector": ""
      },
      {
        "type": "edge",
        "label": "Містичний дар (Вроджений)",
        "selector": "arcane-background-gifted",
        "combinator": "and",
        "value": ""
      },
      {
        "type": "skill",
        "label": "Зосередження",
        "selector": "focus",
        "value": 6,
        "combinator": "and"
      }
    ],
    "category": "Силові",
    "swid": "extra-effort",
    "choiceSets": [],
    "favorite": false,
    "grants": []
  },
  "_stats": {
    "coreVersion": "13.347",
    "systemId": "swade",
    "systemVersion": "5.0.5",
    "createdTime": 1757072059514,
    "modifiedTime": 1757072059514,
    "lastModifiedBy": "TW8E9Ylq0NMu40vd",
    "exportSource": {
      "worldId": "testsavage",
      "uuid": "Item.A9lIa2TeL4U9ZJLy",
      "coreVersion": "13.347",
      "systemId": "swade",
      "systemVersion": "5.0.5"
    }
  },
  "flags": {
    "sigil": {
      "completed": true
    }
  }
}