{
  "effects": [
    {
      "_id": "Autx8trPTM7LfBwU",
      "changes": [
        {
          "key": "system.initiative.hasLevelHeaded",
          "mode": 5,
          "value": "true",
          "priority": null
        }
      ],
      "disabled": false,
      "duration": {
        "startTime": null,
        "seconds": null,
        "combat": null,
        "rounds": null,
        "turns": null,
        "startRound": null,
        "startTurn": null
      },
      "flags": {
        "sigil": {
          "completed": true
        }
      },
      "name": "Розважливий",
      "tint": "#ffffff",
      "transfer": true,
      "description": "<p>Бійці, які можуть зберігати спокій, коли всі навколо метушаться й панікують, найсмертоносніші. Персонажі із цією перевагою добирають додаткову @UUID[Compendium.swade-core-rules.swade-rules.JournalEntry.swadecor03rules0.JournalEntryPage.03actioncardsi00]{карту дії} в бою та вибирають, яку використати.</p>",
      "_stats": {
        "coreVersion": "13.347",
        "systemId": "swade",
        "systemVersion": "5.0.5",
        "lastModifiedBy": null
      },
      "img": "systems/swade/assets/icons/edge.svg",
      "type": "base",
      "system": {
        "removeEffect": false,
        "expiration": null,
        "loseTurnOnHold": false,
        "favorite": false,
        "conditionalEffect": false
      },
      "origin": null,
      "statuses": [],
      "sort": 0
    }
  ],
  "folder": "5Edj401f5rN7XMuT",
  "img": "modules/swade-core-rules/assets/edges/%D1%80%D0%BE%D0%B7%D0%B2%D0%B0%D0%B6%D0%BB%D0%B8%D0%B2%D0%B8%D0%B9.webp",
  "name": "Розважливий",
  "type": "edge",
  "system": {
    "source": "SWADE Core Rules UA",
    "additionalStats": {},
    "description": "<p>Бійці, які можуть зберігати спокій, коли всі навколо метушаться й панікують, найсмертоносніші. Персонажі із цією перевагою добирають додаткову @UUID[Compendium.swade-core-rules.swade-rules.JournalEntry.swadecor03rules0.JournalEntryPage.03actioncardsi00]{карту дії} в бою та вибирають, яку використати.</p>",
    "isArcaneBackground": false,
    "notes": "",
    "requirements": [
      {
        "type": "rank",
        "selector": "",
        "value": 1,
        "combinator": "and"
      },
      {
        "type": "attribute",
        "selector": "smarts",
        "value": 8,
        "combinator": "and"
      }
    ],
    "category": "Бойові",
    "swid": "level-headed",
    "choiceSets": [],
    "favorite": false,
    "grants": []
  },
  "_stats": {
    "coreVersion": "13.347",
    "systemId": "swade",
    "systemVersion": "5.0.5",
    "createdTime": 1757072059676,
    "modifiedTime": 1757072059676,
    "lastModifiedBy": "TW8E9Ylq0NMu40vd",
    "exportSource": {
      "worldId": "testsavage",
      "uuid": "Item.zRpf7fTG1tykwKAs",
      "coreVersion": "13.347",
      "systemId": "swade",
      "systemVersion": "5.0.5"
    }
  },
  "flags": {
    "sigil": {
      "completed": true
    }
  }
}