{
  "effects": [],
  "folder": "5Edj401f5rN7XMuT",
  "img": "systems/swade/assets/icons/edge.svg",
  "name": "Убивця велетнів",
  "type": "edge",
  "system": {
    "source": "SWADE Core Rules UA",
    "additionalStats": {},
    "description": "<p>Що більший ворог, то важче його вбити. Принаймні для більшості. Ваш же персонаж знає, куди і як найкраще бити істот, що переважають розміром.</p><p>Він завдає +1к6 ушкоджень, коли атакує істот, більших від нього на три чи більше розміри (див. <strong>@UUID[Compendium.swade-core-rules.swade-rules.JournalEntry.swadecor03rules0.JournalEntryPage.03sizeandscale00]{«Розмір»}</strong>). Людина (розмір 0) отримує цей</p>",
    "isArcaneBackground": false,
    "notes": "",
    "requirements": [
      {
        "type": "rank",
        "selector": "",
        "value": 2,
        "combinator": "and"
      }
    ],
    "category": "Бойові",
    "swid": "giant-killer",
    "choiceSets": [],
    "favorite": false,
    "grants": []
  },
  "_stats": {
    "coreVersion": "13.347",
    "systemId": "swade",
    "systemVersion": "5.0.5",
    "createdTime": 1757072059676,
    "modifiedTime": 1757072059676,
    "lastModifiedBy": "TW8E9Ylq0NMu40vd",
    "exportSource": {
      "worldId": "testsavage",
      "uuid": "Item.ki4Zg6vAetuNL2vx",
      "coreVersion": "13.347",
      "systemId": "swade",
      "systemVersion": "5.0.5"
    }
  },
  "flags": {
    "sigil": {
      "completed": true
    }
  }
}