{
  "effects": [],
  "folder": "5Edj401f5rN7XMuT",
  "img": "systems/swade/assets/icons/edge.svg",
  "name": "Скерування",
  "type": "edge",
  "system": {
    "source": "SWADE Core Rules UA",
    "additionalStats": {},
    "description": "<p>Пов'язані переваги: @Compendium[swade-core-rules.swade-edges.Містичний дар (Вроджений)]{Містичний дар (Вроджений)}, @Compendium[swade-core-rules.swade-edges.Містичний дар (Дива)]{Містичний дар (Дива)}, @Compendium[swade-core-rules.swade-edges.Містичний дар (Дивні науки)]{Містичний дар (Дивні науки)}, @Compendium[swade-core-rules.swade-edges.Містичний дар (Магія)]{Містичний дар (Магія)}, @Compendium[swade-core-rules.swade-edges.Містичний дар (Псіоніка)]{Містичний дар (Псіоніка)}</p><p>Коли персонажу випадає @UUID[Compendium.swade-core-rules.swade-rules.JournalEntry.swadecor03rules0.JournalEntryPage.03traitrolls0000#trait-rolls]{надмір} під час кидка на містичний дар (чи під час кидка на активацію @UUID[Compendium.swade-core-rules.swade-rules.JournalEntry.swadecor05powers.JournalEntryPage.05arcanedevice00#arcane-devices]{містичного предмета}), він зменшує його вартість на одне @UUID[Compendium.swade-core-rules.swade-rules.JournalEntry.swadecor05powers.JournalEntryPage.05arcanebackgr00]{очко сили}. Вартість може становити 0.</p>",
    "isArcaneBackground": false,
    "notes": "",
    "requirements": [
      {
        "type": "rank",
        "value": 1,
        "combinator": "and",
        "selector": ""
      },
      {
        "type": "other",
        "label": "Містичний дар (будь-який)",
        "selector": "",
        "value": "",
        "combinator": "and"
      }
    ],
    "category": "Силові",
    "swid": "channeling",
    "choiceSets": [],
    "favorite": false,
    "grants": []
  },
  "_stats": {
    "coreVersion": "13.347",
    "systemId": "swade",
    "systemVersion": "5.0.5",
    "createdTime": 1757072059514,
    "modifiedTime": 1757072059514,
    "lastModifiedBy": "TW8E9Ylq0NMu40vd",
    "exportSource": {
      "worldId": "testsavage",
      "uuid": "Item.Ix3IlOfBhOxm9rHI",
      "coreVersion": "13.347",
      "systemId": "swade",
      "systemVersion": "5.0.5"
    }
  },
  "flags": {
    "sigil": {
      "completed": true
    }
  }
}