{
  "effects": [],
  "folder": "5Edj401f5rN7XMuT",
  "img": "modules/swade-core-rules/assets/edges/%D0%B2%D1%96%D0%B4%D1%81%D1%82%D1%83%D0%BF.webp",
  "name": "Відступ",
  "type": "edge",
  "system": {
    "source": "SWADE Core Rules UA",
    "additionalStats": {},
    "description": "<p>Коли персонаж виходить з ближнього бою, суміжні нападники отримують вільну атаку ближнього бою проти нього (див. <strong>@UUID[Compendium.swade-core-rules.swade-rules.JournalEntry.swadecor03rules0.JournalEntryPage.03withdrawingf00]{«Вихід з ближнього бою»}</strong>). Для більшості це дуже небезпечна дія, але не для нашого хитрого персонажа.</p><p>У разі відходу від суміжних ворогів (на вибір гравця) один з них не матиме вільної атаки.</p>",
    "isArcaneBackground": false,
    "notes": "",
    "requirements": [
      {
        "type": "rank",
        "selector": "",
        "value": 0,
        "combinator": "and"
      },
      {
        "type": "attribute",
        "selector": "agility",
        "value": 8,
        "combinator": "and"
      }
    ],
    "category": "Бойові",
    "swid": "extraction",
    "choiceSets": [],
    "favorite": false,
    "grants": []
  },
  "_stats": {
    "coreVersion": "13.347",
    "systemId": "swade",
    "systemVersion": "5.0.5",
    "createdTime": 1757072059514,
    "modifiedTime": 1757072059514,
    "lastModifiedBy": "TW8E9Ylq0NMu40vd",
    "exportSource": {
      "worldId": "testsavage",
      "uuid": "Item.OY6x5bBS6y9KGKuf",
      "coreVersion": "13.347",
      "systemId": "swade",
      "systemVersion": "5.0.5"
    }
  },
  "flags": {
    "sigil": {
      "completed": true
    }
  }
}