{
  "effects": [
    {
      "_id": "w9LmDZVB1VeibUQX",
      "changes": [
        {
          "key": "system.initiative.hasQuick",
          "mode": 5,
          "value": "true",
          "priority": null
        }
      ],
      "disabled": false,
      "duration": {
        "startTime": null,
        "seconds": null,
        "combat": null,
        "rounds": null,
        "turns": null,
        "startRound": null,
        "startTurn": null
      },
      "flags": {
        "sigil": {
          "completed": true
        }
      },
      "name": "Прудкий",
      "tint": "#ffffff",
      "transfer": true,
      "description": "<p>Прудкі персонажі мають блискавичні рефлекси й холодний розум. Якщо ваша @UUID[Compendium.swade-core-rules.swade-rules.JournalEntry.swadecor03rules0.JournalEntryPage.03actioncardsi00]{карта дії} «5» або молодша, її можна скинути й узяти наступну, поки не отримаєте карту, старшу ніж «5».</p><p>@UUID[Compendium.swade-core-rules.swade-rules.swadecor01charac.JournalEntryPage.01characters0000]{Персонажі}, які також мають перевагу @Compendium[swade-core-rules.swade-edges.Розважливий]{«Розважливий»}, спершу добирають свою додаткову карту, а тоді вибирають, яку залишити. Якщо ця карта «5» чи молодша, перевагу «Прудкий» можна використати, доки не доберете з колоди «6» чи старшу.</p>",
      "_stats": {
        "coreVersion": "13.347",
        "systemId": "swade",
        "systemVersion": "5.0.5",
        "lastModifiedBy": null
      },
      "img": "systems/swade/assets/icons/edge.svg",
      "type": "base",
      "system": {
        "removeEffect": false,
        "expiration": null,
        "loseTurnOnHold": false,
        "favorite": false,
        "conditionalEffect": false
      },
      "origin": null,
      "statuses": [],
      "sort": 0
    }
  ],
  "folder": "5Edj401f5rN7XMuT",
  "img": "systems/swade/assets/icons/edge.svg",
  "name": "Прудкий",
  "type": "edge",
  "system": {
    "source": "SWADE Core Rules UA",
    "additionalStats": {},
    "description": "<p>Прудкі персонажі мають блискавичні рефлекси й холодний розум. Якщо ваша @UUID[Compendium.swade-core-rules.swade-rules.JournalEntry.swadecor03rules0.JournalEntryPage.03actioncardsi00]{карта дії} «5» або молодша, її можна скинути й узяти наступну, поки не отримаєте карту, старшу ніж «5».</p><p>@UUID[Compendium.swade-core-rules.swade-rules.swadecor01charac.JournalEntryPage.01characters0000]{Персонажі}, які також мають перевагу @Compendium[swade-core-rules.swade-edges.Розважливий]{«Розважливий»}, спершу добирають свою додаткову карту, а тоді вибирають, яку залишити. Якщо ця карта «5» чи молодша, перевагу «Прудкий» можна використати, доки не доберете з колоди «6» чи старшу.</p>",
    "isArcaneBackground": false,
    "notes": "",
    "requirements": [
      {
        "type": "rank",
        "selector": "",
        "value": 0,
        "combinator": "and"
      },
      {
        "type": "attribute",
        "selector": "agility",
        "value": 8,
        "combinator": "and"
      }
    ],
    "category": "Загальні",
    "swid": "quick",
    "choiceSets": [],
    "favorite": false,
    "grants": []
  },
  "_stats": {
    "coreVersion": "13.347",
    "systemId": "swade",
    "systemVersion": "5.0.5",
    "createdTime": 1757072059514,
    "modifiedTime": 1757072059514,
    "lastModifiedBy": "TW8E9Ylq0NMu40vd",
    "exportSource": {
      "worldId": "testsavage",
      "uuid": "Item.H1xRqRutivEASOge",
      "coreVersion": "13.347",
      "systemId": "swade",
      "systemVersion": "5.0.5"
    }
  },
  "flags": {
    "sigil": {
      "completed": true
    }
  }
}