{
  "effects": [],
  "folder": "5Edj401f5rN7XMuT",
  "img": "systems/swade/assets/icons/edge.svg",
  "name": "Професіонал",
  "type": "edge",
  "system": {
    "source": "SWADE Core Rules UA",
    "additionalStats": {},
    "description": "<p>Цей персонаж — фахівець із певної навички чи характеристики (на його вибір). Це додає +1 до @UUID[Compendium.swade-core-rules.swade-rules.swadecor01charac.JournalEntryPage.01traits00000000]{риси} та її обмеження (наприклад, 1к12 + 1 стає 1к12 + 2). Цю перевагу можна вибрати для кожної риси один раз.</p>",
    "isArcaneBackground": false,
    "notes": "",
    "requirements": [
      {
        "type": "rank",
        "value": 4,
        "combinator": "and",
        "selector": ""
      },
      {
        "type": "other",
        "label": "максимальний ступінь кістки риси для цієї переваги",
        "selector": "",
        "value": "",
        "combinator": "and"
      }
    ],
    "category": "Легендарні",
    "swid": "professional",
    "choiceSets": [],
    "favorite": false,
    "grants": []
  },
  "_stats": {
    "coreVersion": "13.347",
    "systemId": "swade",
    "systemVersion": "5.0.5",
    "createdTime": 1757072059514,
    "modifiedTime": 1757072059514,
    "lastModifiedBy": "TW8E9Ylq0NMu40vd",
    "exportSource": {
      "worldId": "testsavage",
      "uuid": "Item.DAoyIq0kUq4Zi0tv",
      "coreVersion": "13.347",
      "systemId": "swade",
      "systemVersion": "5.0.5"
    }
  },
  "flags": {
    "sigil": {
      "completed": true
    }
  }
}