{
  "effects": [
    {
      "_id": "Yo4QABeieRwTm0H7",
      "name": "Бойові рефлекси",
      "changes": [
        {
          "key": "system.attributes.vigor.unStunBonus",
          "mode": 2,
          "value": "2",
          "priority": null
        },
        {
          "key": "system.attributes.spirit.unShakeBonus",
          "mode": 2,
          "value": "2",
          "priority": null
        }
      ],
      "disabled": false,
      "duration": {
        "startTime": null,
        "seconds": null,
        "combat": null,
        "rounds": null,
        "turns": null,
        "startRound": null,
        "startTurn": null
      },
      "flags": {
        "sigil": {
          "completed": true
        }
      },
      "tint": "#ffffff",
      "transfer": true,
      "description": "<p>Ваш вояка швидко відновлюється після шоку і травм. Він має +2 до кидків на відновлення після того, як був @UUID[Compendium.swade-core-rules.swade-rules.JournalEntry.swadecor03rules0.JournalEntryPage.03damageeffect00]{шокований} чи @UUID[Compendium.swade-core-rules.swade-rules.swadecor03rules0.JournalEntryPage.03stunned0000000]{приголомшений}.</p>",
      "_stats": {
        "coreVersion": "13.347",
        "systemId": "swade",
        "systemVersion": "5.0.5",
        "lastModifiedBy": null
      },
      "img": "systems/swade/assets/icons/ability.svg",
      "type": "base",
      "system": {
        "removeEffect": false,
        "expiration": null,
        "loseTurnOnHold": false,
        "favorite": false,
        "conditionalEffect": false
      },
      "origin": null,
      "statuses": [],
      "sort": 0
    }
  ],
  "folder": "5Edj401f5rN7XMuT",
  "img": "modules/swade-core-rules/assets/edges/%D0%B1%D0%BE%D0%B9%D0%BE%D0%B2%D1%96-%D1%80%D0%B5%D1%84%D0%BB%D0%B5%D0%BA%D1%81%D0%B8.webp",
  "name": "Бойові рефлекси",
  "type": "edge",
  "system": {
    "source": "SWADE Core Rules UA",
    "additionalStats": {},
    "description": "<p>Ваш вояка швидко відновлюється після шоку і травм. Він має +2 до кидків на відновлення після того, як був @UUID[Compendium.swade-core-rules.swade-rules.JournalEntry.swadecor03rules0.JournalEntryPage.03damageeffect00]{шокований} чи @UUID[Compendium.swade-core-rules.swade-rules.swadecor03rules0.JournalEntryPage.03stunned0000000]{приголомшений}.</p>",
    "isArcaneBackground": false,
    "notes": "",
    "requirements": [
      {
        "type": "rank",
        "selector": "",
        "value": 1,
        "combinator": "and"
      }
    ],
    "category": "Бойові",
    "swid": "combat-reflexes",
    "choiceSets": [],
    "favorite": false,
    "grants": []
  },
  "_stats": {
    "coreVersion": "13.347",
    "systemId": "swade",
    "systemVersion": "5.0.5",
    "createdTime": 1757072059514,
    "modifiedTime": 1757072059514,
    "lastModifiedBy": "TW8E9Ylq0NMu40vd",
    "exportSource": {
      "worldId": "testsavage",
      "uuid": "Item.2whgpOchV1t8Kotr",
      "coreVersion": "13.347",
      "systemId": "swade",
      "systemVersion": "5.0.5"
    }
  },
  "flags": {
    "sigil": {
      "completed": true
    }
  }
}