{
  "effects": [],
  "folder": "5Edj401f5rN7XMuT",
  "img": "systems/swade/assets/icons/edge.svg",
  "name": "Швидка стрільба",
  "type": "edge",
  "system": {
    "source": "SWADE Core Rules UA",
    "additionalStats": {},
    "description": "<p>Персонаж навчився робити швидкі та влучні постріли. Коли він озброєний скорострільною зброєю дальнього бою, як-от револьвером чи самозарядною гвинтівкою, і має достатній боєзапас, то може пришвидшити @UUID[Compendium.swade-core-rules.swade-rules.JournalEntry.swadecor02gear00.JournalEntryPage.02rateoffire0000]{темп стрільби} зброї на 1 для будь-якої однієї @Compendium[swade-core-rules.swade-skills.Стрільба]{стрілецької} атаки в поточному ході.</p>",
    "isArcaneBackground": false,
    "notes": "",
    "requirements": [
      {
        "type": "rank",
        "value": 1,
        "combinator": "and",
        "selector": ""
      },
      {
        "type": "skill",
        "label": "Стрільба",
        "selector": "shooting",
        "value": 6,
        "combinator": "and"
      }
    ],
    "category": "Бойові",
    "swid": "rapid-fire",
    "choiceSets": [],
    "favorite": false,
    "grants": []
  },
  "_stats": {
    "coreVersion": "13.347",
    "systemId": "swade",
    "systemVersion": "5.0.5",
    "createdTime": 1757072059514,
    "modifiedTime": 1757072059514,
    "lastModifiedBy": "TW8E9Ylq0NMu40vd",
    "exportSource": {
      "worldId": "testsavage",
      "uuid": "Item.4BkC7aj2yWHnQUjY",
      "coreVersion": "13.347",
      "systemId": "swade",
      "systemVersion": "5.0.5"
    }
  },
  "flags": {
    "sigil": {
      "completed": true
    }
  }
}