{
  "effects": [
    {
      "_id": "WkCdtT1UZ7kXYIuk",
      "changes": [
        {
          "key": "system.initiative.hasImpLevelHeaded",
          "mode": 5,
          "value": "true",
          "priority": null
        }
      ],
      "disabled": false,
      "duration": {
        "startTime": null,
        "seconds": null,
        "combat": null,
        "rounds": null,
        "turns": null,
        "startRound": null,
        "startTurn": null
      },
      "flags": {
        "sigil": {
          "completed": true
        }
      },
      "name": "Дуже розважливий",
      "tint": "#ffffff",
      "transfer": true,
      "description": "<p>Як @Compendium[swade-core-rules.swade-edges.Розважливий]{«Розважливий»}, тільки добирають дві додаткові карти замість однієї.</p>",
      "_stats": {
        "coreVersion": "13.347",
        "systemId": "swade",
        "systemVersion": "5.0.5",
        "lastModifiedBy": null
      },
      "img": "systems/swade/assets/icons/edge.svg",
      "type": "base",
      "system": {
        "removeEffect": false,
        "expiration": null,
        "loseTurnOnHold": false,
        "favorite": false,
        "conditionalEffect": false
      },
      "origin": null,
      "statuses": [],
      "sort": 0
    }
  ],
  "folder": "5Edj401f5rN7XMuT",
  "img": "modules/swade-core-rules/assets/edges/%D0%B4%D1%83%D0%B6%D0%B5-%D1%80%D0%BE%D0%B7%D0%B2%D0%B0%D0%B6%D0%BB%D0%B8%D0%B2%D0%B8%D0%B9.webp",
  "name": "Дуже розважливий",
  "type": "edge",
  "system": {
    "source": "SWADE Core Rules UA",
    "additionalStats": {},
    "description": "<p>Як @Compendium[swade-core-rules.swade-edges.Розважливий]{«Розважливий»}, тільки добирають дві додаткові карти замість однієї.</p>",
    "isArcaneBackground": false,
    "notes": "",
    "requirements": [
      {
        "type": "rank",
        "value": 1,
        "combinator": "and",
        "selector": ""
      },
      {
        "type": "edge",
        "label": "Розважливий",
        "selector": "level-headed",
        "value": "",
        "combinator": "and"
      }
    ],
    "category": "Бойові",
    "swid": "improved-level-headed",
    "choiceSets": [],
    "favorite": false,
    "grants": []
  },
  "_stats": {
    "coreVersion": "13.347",
    "systemId": "swade",
    "systemVersion": "5.0.5",
    "createdTime": 1757072059514,
    "modifiedTime": 1757072059514,
    "lastModifiedBy": "TW8E9Ylq0NMu40vd",
    "exportSource": {
      "worldId": "testsavage",
      "uuid": "Item.dZrVb62Cc7ksBAn6",
      "coreVersion": "13.347",
      "systemId": "swade",
      "systemVersion": "5.0.5"
    }
  },
  "flags": {
    "sigil": {
      "completed": true
    }
  }
}