{
  "effects": [],
  "folder": "5Edj401f5rN7XMuT",
  "img": "modules/swade-core-rules/assets/edges/%D0%B0%D0%BD%D0%B0%D0%BB%D0%B8%D1%82%D0%B8%D0%BA.webp",
  "name": "Аналітик",
  "type": "edge",
  "system": {
    "source": "SWADE Core Rules UA",
    "additionalStats": {},
    "description": "<p>Кілька секунд вивчення дій ворога дають вашому персонажу суттєву перевагу. Коли @UUID[Compendium.swade-core-rules.swade-rules.JournalEntry.swadecor03rules0.JournalEntryPage.03actioncardsi00]{карта дії} персонажа «5» або молодша, він ігнорує до двох очок штрафу на одну дію поточного ходу. Це може бути штраф від @UUID[Compendium.swade-core-rules.swade-rules.swadecor03rules0.JournalEntryPage.03multiactions00]{череди дій}, заслони, @UUID[Compendium.swade-core-rules.swade-rules.swadecor02gear00.JournalEntryPage.02range000000000]{відстані} чи навіть від @UUID[Compendium.swade-core-rules.swade-rules.swadecor03rules0.JournalEntryPage.03damageeffect00]{рани}.</p>",
    "isArcaneBackground": false,
    "notes": "",
    "requirements": [
      {
        "type": "rank",
        "selector": "",
        "value": 0,
        "combinator": "and"
      },
      {
        "type": "attribute",
        "selector": "smarts",
        "value": 8,
        "combinator": "and"
      }
    ],
    "category": "Бойові",
    "swid": "calculating",
    "choiceSets": [],
    "favorite": false,
    "grants": []
  },
  "_stats": {
    "coreVersion": "13.347",
    "systemId": "swade",
    "systemVersion": "5.0.5",
    "createdTime": 1757072059676,
    "modifiedTime": 1757072059676,
    "lastModifiedBy": "TW8E9Ylq0NMu40vd",
    "exportSource": {
      "worldId": "testsavage",
      "uuid": "Item.mxDtNIhJtmEkP7Xn",
      "coreVersion": "13.347",
      "systemId": "swade",
      "systemVersion": "5.0.5"
    }
  },
  "flags": {
    "sigil": {
      "completed": true
    }
  }
}