{
  "folder": "5Edj401f5rN7XMuT",
  "img": "systems/swade/assets/icons/edge.svg",
  "name": "Амбідекстр",
  "effects": [
    {
      "_id": "PXxjFEmzs6bD1Chi",
      "changes": [
        {
          "key": "flags.swade.ambidextrous",
          "mode": 5,
          "value": "1",
          "priority": null
        }
      ],
      "disabled": false,
      "duration": {
        "startTime": null,
        "seconds": null,
        "combat": null,
        "rounds": null,
        "turns": null,
        "startRound": null,
        "startTurn": null
      },
      "flags": {
        "sigil": {
          "completed": true
        }
      },
      "name": "Амбідекстр",
      "tint": "#ffffff",
      "transfer": true,
      "_stats": {
        "coreVersion": "13.347",
        "systemId": "swade",
        "systemVersion": "5.0.5",
        "lastModifiedBy": null
      },
      "img": "systems/swade/assets/icons/edge.svg",
      "type": "base",
      "system": {
        "removeEffect": false,
        "expiration": null,
        "loseTurnOnHold": false,
        "favorite": false,
        "conditionalEffect": false
      },
      "description": "<p>Воїн однаково вправляється як правою, так і лівою рукою. На нього не діє штраф за використання <strong>@UUID[Compendium.swade-core-rules.swade-rules.swadecor03rules0.JournalEntryPage.03offhandattac00]{неосновної руки}</strong>.</p><p>Якщо @Compendium[swade-core-rules.swade-edges.Ambidextrous]{персонаж-амбідекстр} має зброю в обох руках, він може накопичувати бонуси @UUID[Compendium.swade-core-rules.swade-rules.swadecor01charac.JournalEntryPage.01characters0000]{відбивання} (якщо має) з кожної зброї.</p>",
      "origin": null,
      "statuses": [],
      "sort": 0
    }
  ],
  "type": "edge",
  "system": {
    "source": "SWADE Core Rules UA",
    "additionalStats": {},
    "description": "<p>Воїн однаково вправляється як правою, так і лівою рукою. На нього не діє штраф за використання <strong>@UUID[Compendium.swade-core-rules.swade-rules.swadecor03rules0.JournalEntryPage.03offhandattac00]{неосновної руки}</strong>.</p><p>Якщо @Compendium[swade-core-rules.swade-edges.Ambidextrous]{персонаж-амбідекстр} має зброю в обох руках, він може накопичувати бонуси @UUID[Compendium.swade-core-rules.swade-rules.swadecor01charac.JournalEntryPage.01characters0000]{відбивання} (якщо має) з кожної зброї.</p>",
    "isArcaneBackground": false,
    "notes": "",
    "requirements": [
      {
        "type": "rank",
        "selector": "",
        "value": 0,
        "combinator": "and"
      },
      {
        "type": "attribute",
        "selector": "agility",
        "value": 8,
        "combinator": "and"
      }
    ],
    "category": "Загальні",
    "swid": "ambidextrous",
    "choiceSets": [],
    "favorite": false,
    "grants": []
  },
  "_stats": {
    "coreVersion": "13.347",
    "systemId": "swade",
    "systemVersion": "5.0.5",
    "createdTime": 1757072059514,
    "modifiedTime": 1757072059514,
    "lastModifiedBy": "TW8E9Ylq0NMu40vd",
    "exportSource": {
      "worldId": "testsavage",
      "uuid": "Item.OJ4t6S1cGamjJiLD",
      "coreVersion": "13.347",
      "systemId": "swade",
      "systemVersion": "5.0.5"
    }
  },
  "flags": {
    "sigil": {
      "completed": true
    }
  }
}