{
  "effects": [
    {
      "_id": "J587NczYXdA9tt1M",
      "name": "Знання вулиць",
      "changes": [
        {
          "key": "@Skill{Intimidation}[system.die.modifier]",
          "mode": 2,
          "value": "2",
          "priority": null
        },
        {
          "key": "@Skill{Persuasion}[system.die.modifier]",
          "mode": 2,
          "value": "2",
          "priority": null
        },
        {
          "key": "@Skill{Common Knowledge}[system.die.modifier]",
          "mode": 2,
          "value": "2",
          "priority": null
        }
      ],
      "disabled": false,
      "duration": {
        "startTime": null,
        "seconds": null,
        "combat": null,
        "rounds": null,
        "turns": null,
        "startRound": null,
        "startTurn": null
      },
      "tint": "#ffffff",
      "transfer": true,
      "description": "<p>Персонажі зі знанням вулиць знаються на тому, як знайти місцевий чорний ринок, збути крадене, уникнути закону (або злочинців!), залягти на дно, коли на тебе звернули забагато уваги, добути заборонену зброю, дізнатися, хто з ватажків наймає бійців, а також на іншій «слизькій» діяльності.</p><p>Персонажі зі знанням вулиць додають +2 до кидків на @Compendium[swade-core-rules.swade-skills.Залякування]{залякування} та @Compendium[swade-core-rules.swade-skills.Переконливість]{переконливість}, виконаних для заведення @UUID[Compendium.swade-core-rules.swade-rules.swadecor04theadv.JournalEntryPage.04networking0000]{корисних знайомств} із сумнівними або кримінальними елементами. Вони також додають +2 до кидків на @Compendium[swade-core-rules.swade-skills.Ерудиція]{ерудицію}, що пов’язані з видами недобросовісної діяльності, згаданими раніше.</p>",
      "flags": {
        "swade": {},
        "sigil": {
          "completed": true
        }
      },
      "_stats": {
        "coreVersion": "13.347",
        "systemId": "swade",
        "systemVersion": "5.0.5",
        "lastModifiedBy": null
      },
      "img": "systems/swade/assets/icons/edge.svg",
      "type": "base",
      "system": {
        "conditionalEffect": true,
        "removeEffect": false,
        "expiration": null,
        "loseTurnOnHold": false,
        "favorite": false
      },
      "origin": null,
      "statuses": [],
      "sort": 0
    }
  ],
  "folder": "5Edj401f5rN7XMuT",
  "img": "systems/swade/assets/icons/edge.svg",
  "name": "Знання вулиць",
  "type": "edge",
  "system": {
    "source": "SWADE Core Rules UA",
    "additionalStats": {},
    "description": "<p>Персонажі зі знанням вулиць знаються на тому, як знайти місцевий чорний ринок, збути крадене, уникнути закону (або злочинців!), залягти на дно, коли на тебе звернули забагато уваги, добути заборонену зброю, дізнатися, хто з ватажків наймає бійців, а також на іншій «слизькій» діяльності.</p><p>Персонажі зі знанням вулиць додають +2 до кидків на @Compendium[swade-core-rules.swade-skills.Залякування]{залякування} та @Compendium[swade-core-rules.swade-skills.Переконливість]{переконливість}, виконаних для заведення @UUID[Compendium.swade-core-rules.swade-rules.swadecor04theadv.JournalEntryPage.04networking0000]{корисних знайомств} із сумнівними або кримінальними елементами. Вони також додають +2 до кидків на @Compendium[swade-core-rules.swade-skills.Ерудиція]{ерудицію}, що пов’язані з видами недобросовісної діяльності, згаданими раніше.</p>",
    "isArcaneBackground": false,
    "notes": "",
    "requirements": [
      {
        "type": "rank",
        "selector": "",
        "value": 0,
        "combinator": "and"
      },
      {
        "type": "attribute",
        "selector": "smarts",
        "value": 6,
        "combinator": "and"
      }
    ],
    "category": "Соціальні",
    "swid": "streetwise",
    "choiceSets": [],
    "favorite": false,
    "grants": []
  },
  "_stats": {
    "coreVersion": "13.347",
    "systemId": "swade",
    "systemVersion": "5.0.5",
    "createdTime": 1757072059676,
    "modifiedTime": 1757072059676,
    "lastModifiedBy": "TW8E9Ylq0NMu40vd",
    "exportSource": {
      "worldId": "testsavage",
      "uuid": "Item.j2Y8rwi7mgavjJ7b",
      "coreVersion": "13.347",
      "systemId": "swade",
      "systemVersion": "5.0.5"
    }
  },
  "flags": {
    "sigil": {
      "completed": true
    }
  }
}