{
  "effects": [],
  "folder": "5Edj401f5rN7XMuT",
  "img": "systems/swade/assets/icons/edge.svg",
  "name": "Тверда рука",
  "type": "edge",
  "system": {
    "source": "SWADE Core Rules UA",
    "additionalStats": {},
    "description": "<p>Вогонь із сідла коня чи автомобіля на ходу — непроста справа, але цей персонаж навчився це робити. Він ігнорує штраф за @UUID[Compendium.swade-core-rules.swade-rules.swadecor03rules0.JournalEntryPage.03unstableplat00]{непевне положення}.</p><p>Перевага також допомагає під час бігу, зменшуючи штраф з −2 до −1 (див. <strong>@UUID[Compendium.swade-core-rules.swade-rules.swadecor03rules0.JournalEntryPage.03movement000000]{«Переміщення»}</strong>).</p>",
    "isArcaneBackground": false,
    "notes": "",
    "requirements": [
      {
        "type": "rank",
        "selector": "",
        "value": 0,
        "combinator": "and"
      },
      {
        "type": "attribute",
        "selector": "agility",
        "value": 8,
        "combinator": "and"
      }
    ],
    "category": "Бойові",
    "swid": "steady-hands",
    "choiceSets": [],
    "favorite": false,
    "grants": []
  },
  "_stats": {
    "coreVersion": "13.347",
    "systemId": "swade",
    "systemVersion": "5.0.5",
    "createdTime": 1757072059514,
    "modifiedTime": 1757072059514,
    "lastModifiedBy": "TW8E9Ylq0NMu40vd",
    "exportSource": {
      "worldId": "testsavage",
      "uuid": "Item.WYi7UhcoIsyn5KwW",
      "coreVersion": "13.347",
      "systemId": "swade",
      "systemVersion": "5.0.5"
    }
  },
  "flags": {
    "sigil": {
      "completed": true
    }
  }
}