{
  "effects": [
    {
      "_id": "UPNflRrXTEIheOjV",
      "changes": [
        {
          "key": "system.stats.globalMods.damage",
          "mode": 2,
          "value": "2",
          "priority": null
        }
      ],
      "disabled": false,
      "duration": {
        "startTime": null,
        "seconds": null,
        "combat": null,
        "rounds": null,
        "turns": null,
        "startRound": null,
        "startTurn": null
      },
      "flags": {
        "swade": {},
        "sigil": {
          "completed": true
        }
      },
      "name": "Обранець",
      "tint": "#ffffff",
      "transfer": true,
      "description": "<p>Обранці — це святі (або нечисті) особи, які вирішили битися за певне божество або релігію. Більшість з них віддана справі тілом і душею, і готова пожертвувати власним життям заради благої мети. Однак деяким ця роль дісталася від народження, і вони не дуже в захваті йти таким шляхом.</p><p>Обранці б’ються із силами темряви (або добра) і додають +2 до ушкоджень, атакуючи надприродних злих (або добрих, якщо обранець злий) істот. Цей бонус застосовують до @UUID[Compendium.swade-core-rules.swade-rules.swadecor03rules0.JournalEntryPage.03areaeffectat00]{атак із площею ураження}, @UUID[Compendium.swade-core-rules.swade-rules.swadecor03rules0.JournalEntryPage.03attacks0000000]{атак дальнього бою}, @UUID[Compendium.swade-core-rules.swade-rules.swadecor05powers.JournalEntryPage.05powers00000000]{сил} тощо.</p><p>ІМ має вирішити, до яких ворогів застосовують цей бонус, але зазвичай це всі злі (або добрі!) магічні істоти або істоти, які мають надприродні здібності.</p>",
      "_stats": {
        "coreVersion": "13.347",
        "systemId": "swade",
        "systemVersion": "5.0.5",
        "lastModifiedBy": null
      },
      "img": "systems/swade/assets/icons/edge.svg",
      "type": "base",
      "system": {
        "conditionalEffect": true,
        "removeEffect": false,
        "expiration": null,
        "loseTurnOnHold": false,
        "favorite": false
      },
      "origin": null,
      "statuses": [],
      "sort": 0
    }
  ],
  "folder": "5Edj401f5rN7XMuT",
  "img": "systems/swade/assets/icons/edge.svg",
  "name": "Обранець",
  "type": "edge",
  "system": {
    "source": "SWADE Core Rules UA",
    "additionalStats": {},
    "description": "<p>Обранці — це святі (або нечисті) особи, які вирішили битися за певне божество або релігію. Більшість з них віддана справі тілом і душею, і готова пожертвувати власним життям заради благої мети. Однак деяким ця роль дісталася від народження, і вони не дуже в захваті йти таким шляхом.</p><p>Обранці б’ються із силами темряви (або добра) і додають +2 до ушкоджень, атакуючи надприродних злих (або добрих, якщо обранець злий) істот. Цей бонус застосовують до @UUID[Compendium.swade-core-rules.swade-rules.swadecor03rules0.JournalEntryPage.03areaeffectat00]{атак із площею ураження}, @UUID[Compendium.swade-core-rules.swade-rules.swadecor03rules0.JournalEntryPage.03attacks0000000]{атак дальнього бою}, @UUID[Compendium.swade-core-rules.swade-rules.swadecor05powers.JournalEntryPage.05powers00000000]{сил} тощо.</p><p>ІМ має вирішити, до яких ворогів застосовують цей бонус, але зазвичай це всі злі (або добрі!) магічні істоти або істоти, які мають надприродні здібності.</p>",
    "isArcaneBackground": false,
    "notes": "",
    "requirements": [
      {
        "type": "rank",
        "value": 0,
        "combinator": "and",
        "selector": ""
      },
      {
        "type": "attribute",
        "selector": "spirit",
        "value": 8,
        "combinator": "and"
      },
      {
        "type": "skill",
        "label": "Бійка",
        "selector": "fighting",
        "value": 6,
        "combinator": "and"
      }
    ],
    "category": "Дивні",
    "swid": "champion",
    "choiceSets": [],
    "favorite": false,
    "grants": []
  },
  "_stats": {
    "coreVersion": "13.347",
    "systemId": "swade",
    "systemVersion": "5.0.5",
    "createdTime": 1757072059514,
    "modifiedTime": 1757072059514,
    "lastModifiedBy": "TW8E9Ylq0NMu40vd",
    "exportSource": {
      "worldId": "testsavage",
      "uuid": "Item.RxHGrVFtf2LbLr8Y",
      "coreVersion": "13.347",
      "systemId": "swade",
      "systemVersion": "5.0.5"
    }
  },
  "flags": {
    "sigil": {
      "completed": true
    }
  }
}