{
  "effects": [],
  "folder": "5Edj401f5rN7XMuT",
  "img": "systems/swade/assets/icons/edge.svg",
  "name": "Містичний дар (Псіоніка)",
  "type": "edge",
  "system": {
    "source": "SWADE Core Rules UA",
    "additionalStats": {},
    "description": "<ul><li><strong>МІСТИЧНА НАВИЧКА:</strong> @Compendium[swade-core-rules.swade-skills.Псіоніка]{Псіоніка} (кмітливість)</li><li><strong>ПОЧАТКОВІ @UUID[Compendium.swade-core-rules.swade-rules.swadecor05powers.JournalEntryPage.05powers00000000]{СИЛИ}:</strong> 3</li><li><strong>@UUID[Compendium.swade-core-rules.swade-rules.swadecor05powers.JournalEntryPage.05arcanebackgr00]{ОЧКИ СИЛИ}:</strong> 10</li></ul><p>Контакт із дивними енергіями, навчання в школі магії або дар божественної чи духовної сутності іноді дає обранцям власні сили та здібності. Такі події дають персонажу перевагу «Містичний дар», а також розвивають у ньому надзвичайні здібності.</p><p><strong>Містичний дар (Псіоніка):</strong> Псіоніки використовують власну ментальну енергію для маніпуляції матерією, читання думок абощо. Одні з них працюють агентами у великих урядових організаціях, тоді як інші нерідко від них тікають! Одні здобувають сили роками тренувань, інші ж розвивають свої надзвичайні здібності самостійно.<br style=\"font-style:normal;font-variant:normal;font-weight:normal;letter-spacing:normal;line-height:normal;orphans:2;text-align:-webkit-auto;text-indent:0px;text-transform:none;white-space:normal;widows:2;word-spacing:0px;-webkit-text-size-adjust:auto;-webkit-text-stroke-width:0px\" /></p><p> </p>",
    "isArcaneBackground": true,
    "notes": "",
    "requirements": [
      {
        "type": "rank",
        "selector": "",
        "value": 0,
        "combinator": "and"
      }
    ],
    "category": "Загальні",
    "swid": "arcane-background-psionics",
    "choiceSets": [],
    "favorite": false,
    "grants": []
  },
  "_stats": {
    "coreVersion": "13.347",
    "systemId": "swade",
    "systemVersion": "5.0.5",
    "createdTime": 1757072059514,
    "modifiedTime": 1757072059514,
    "lastModifiedBy": "TW8E9Ylq0NMu40vd",
    "exportSource": {
      "worldId": "testsavage",
      "uuid": "Item.FjaMNXFbKC6WpTaM",
      "coreVersion": "13.347",
      "systemId": "swade",
      "systemVersion": "5.0.5"
    }
  },
  "flags": {
    "sigil": {
      "completed": true
    }
  }
}