{
  "effects": [],
  "folder": "5Edj401f5rN7XMuT",
  "img": "systems/swade/assets/icons/edge.svg",
  "name": "Могутній удар",
  "type": "edge",
  "system": {
    "source": "SWADE Core Rules UA",
    "additionalStats": {},
    "description": "<p>Якщо ваша карта дії — «Джокер», подвійте ушкодження від першої атаки ближнього @Compendium[swade-core-rules.swade-skills.Бійка]{бою} в поточному раунді.</p>",
    "isArcaneBackground": false,
    "notes": "",
    "requirements": [
      {
        "type": "wildCard",
        "value": true,
        "combinator": "and",
        "selector": ""
      },
      {
        "type": "rank",
        "value": 0,
        "combinator": "and",
        "selector": ""
      },
      {
        "type": "skill",
        "label": "Бійка",
        "selector": "fighting",
        "value": 8,
        "combinator": "and"
      }
    ],
    "category": "Бойові",
    "swid": "mighty-blow",
    "choiceSets": [],
    "favorite": false,
    "grants": [
      {
        "name": "Могутній удар",
        "img": "systems/swade/assets/icons/action.svg",
        "uuid": "Compendium.swade-core-rules.swade-actions.Item.Xwwqvwg0sy0un8kq"
      }
    ]
  },
  "_stats": {
    "coreVersion": "13.347",
    "systemId": "swade",
    "systemVersion": "5.0.5",
    "createdTime": 1757072059514,
    "modifiedTime": 1757072059514,
    "lastModifiedBy": "TW8E9Ylq0NMu40vd",
    "exportSource": {
      "worldId": "testsavage",
      "uuid": "Item.KBa58S051pwQiC6z",
      "coreVersion": "13.347",
      "systemId": "swade",
      "systemVersion": "5.0.5"
    }
  },
  "flags": {
    "sigil": {
      "completed": true
    }
  }
}