{
  "effects": [
    {
      "_id": "TPwbpi6elzEJpXaR",
      "name": "Міцний горішок",
      "changes": [
        {
          "key": "flags.swade-core-rules.hardToKill",
          "mode": 2,
          "value": "true",
          "priority": null
        }
      ],
      "disabled": false,
      "duration": {
        "startTime": null,
        "seconds": null,
        "combat": null,
        "rounds": null,
        "turns": null,
        "startRound": null,
        "startTurn": null
      },
      "flags": {
        "sigil": {
          "completed": true
        }
      },
      "tint": "#ffffff",
      "transfer": true,
      "description": "<p>У цього шукача пригод життів більше, ніж у цілої зграї котів. Він може ігнорувати штрафи за @UUID[Compendium.swade-core-rules.swade-rules.swadecor03rules0.JournalEntryPage.03damageeffect00]{рани}, коли кидає на @UUID[Compendium.swade-core-rules.swade-rules.swadecor01charac.JournalEntryPage.01traits00000000]{витримку} для уникнення <strong>@UUID[Compendium.swade-core-rules.swade-rules.swadecor03rules0.JournalEntryPage.03damageeffect00]{кровотечі}</strong>.</p>",
      "_stats": {
        "coreVersion": "13.347",
        "systemId": "swade",
        "systemVersion": "5.0.5",
        "lastModifiedBy": null
      },
      "img": "systems/swade/assets/icons/edge.svg",
      "type": "base",
      "system": {
        "removeEffect": false,
        "expiration": null,
        "loseTurnOnHold": false,
        "favorite": false,
        "conditionalEffect": false
      },
      "origin": null,
      "statuses": [],
      "sort": 0
    }
  ],
  "folder": "5Edj401f5rN7XMuT",
  "img": "systems/swade/assets/icons/edge.svg",
  "name": "Міцний горішок",
  "type": "edge",
  "system": {
    "source": "SWADE Core Rules UA",
    "additionalStats": {},
    "description": "<p>У цього шукача пригод життів більше, ніж у цілої зграї котів. Він може ігнорувати штрафи за @UUID[Compendium.swade-core-rules.swade-rules.swadecor03rules0.JournalEntryPage.03damageeffect00]{рани}, коли кидає на @UUID[Compendium.swade-core-rules.swade-rules.swadecor01charac.JournalEntryPage.01traits00000000]{витримку} для уникнення <strong>@UUID[Compendium.swade-core-rules.swade-rules.swadecor03rules0.JournalEntryPage.03damageeffect00]{кровотечі}</strong>.</p>",
    "isArcaneBackground": false,
    "notes": "",
    "requirements": [
      {
        "type": "rank",
        "selector": "",
        "value": 0,
        "combinator": "and"
      },
      {
        "type": "attribute",
        "selector": "spirit",
        "value": 8,
        "combinator": "and"
      }
    ],
    "category": "Бойові",
    "swid": "hard-to-kill",
    "choiceSets": [],
    "favorite": false,
    "grants": []
  },
  "_stats": {
    "coreVersion": "13.347",
    "systemId": "swade",
    "systemVersion": "5.0.5",
    "createdTime": 1757072059676,
    "modifiedTime": 1757072059676,
    "lastModifiedBy": "TW8E9Ylq0NMu40vd",
    "exportSource": {
      "worldId": "testsavage",
      "uuid": "Item.lyCgmvvVAMN2nTGw",
      "coreVersion": "13.347",
      "systemId": "swade",
      "systemVersion": "5.0.5"
    }
  },
  "flags": {
    "sigil": {
      "completed": true
    }
  }
}