{
  "effects": [],
  "folder": "5Edj401f5rN7XMuT",
  "img": "systems/swade/assets/icons/edge.svg",
  "name": "Бойовий акробат",
  "type": "edge",
  "system": {
    "source": "SWADE Core Rules UA",
    "additionalStats": {},
    "description": "<p>Покращення для: @Compendium[swade-core-rules.swade-edges.Акробат]{Акробат}</p><p>Персонаж уміло виконує акробатичні трюки, тому атаки проти нього мають −1, якщо він знає про атаку, має простір для маневру та не має штрафів від @UUID[Compendium.swade-core-rules.swade-rules.JournalEntry.swadecor02gear00.JournalEntryPage.02gearnotes00000#gear-notes]{навантаженості} чи @UUID[Compendium.swade-core-rules.swade-rules.swadecor02gear00.JournalEntryPage.02minimumstren00]{мінімальної моці}.</p>",
    "isArcaneBackground": false,
    "notes": "",
    "requirements": [
      {
        "type": "rank",
        "value": 1,
        "combinator": "and",
        "selector": ""
      },
      {
        "type": "edge",
        "label": "Акробат",
        "selector": "acrobat",
        "value": "",
        "combinator": "and"
      }
    ],
    "category": "Професійні",
    "swid": "combat-acrobat",
    "choiceSets": [],
    "favorite": false,
    "grants": []
  },
  "_stats": {
    "coreVersion": "13.347",
    "systemId": "swade",
    "systemVersion": "5.0.5",
    "createdTime": 1757072059514,
    "modifiedTime": 1757072059514,
    "lastModifiedBy": "TW8E9Ylq0NMu40vd",
    "exportSource": {
      "worldId": "testsavage",
      "uuid": "Item.hHWCjcTfK7EAlI8M",
      "coreVersion": "13.347",
      "systemId": "swade",
      "systemVersion": "5.0.5"
    }
  },
  "flags": {
    "sigil": {
      "completed": true
    }
  }
}