{
  "effects": [],
  "folder": "5Edj401f5rN7XMuT",
  "img": "modules/swade-core-rules/assets/edges/%D1%96%D0%BC%D0%B5%D0%BD%D0%BD%D0%B0-%D0%B7%D0%B1%D1%80%D0%BE%D1%8F.webp",
  "name": "Іменна зброя",
  "type": "edge",
  "system": {
    "source": "SWADE Core Rules UA",
    "additionalStats": {},
    "description": "<p>Персонаж має одну унікальну зброю (Екскалібур, Жало, Дідова Берданка), яку він знає як свої п’ять пальців. Використовуючи її, він додає <strong>+1</strong> до кидків на @Compendium[swade-core-rules.swade-skills.Атлетизм]{атлетизм} (метання), @Compendium[swade-core-rules.swade-skills.Стрільба]{стрільбу} чи @Compendium[swade-core-rules.swade-skills.Бійка]{бійку}, а також <strong>+1</strong> до @UUID[Compendium.swade-core-rules.swade-rules.swadecor01charac.JournalEntryPage.01characters0000]{відбивання} коли наготові (навіть якщо це зброя дальнього бою).</p><p>Персонаж може вибрати цю перевагу кілька разів, щоразу застосовуючи її до іншої зброї. Якщо персонаж втратить іменну зброю, її можна буде замінити, втім, перевага почне діяти не відразу (через час, який ІМ вважатиме виправданим, зазвичай кілька днів).</p>",
    "isArcaneBackground": false,
    "notes": "",
    "requirements": [
      {
        "type": "rank",
        "value": 0,
        "combinator": "and",
        "selector": ""
      },
      {
        "type": "other",
        "label": "навичка з вибраною зброєю d8+",
        "selector": "",
        "value": "",
        "combinator": "and"
      }
    ],
    "category": "Бойові",
    "swid": "trademark-weapon",
    "choiceSets": [],
    "favorite": false,
    "grants": []
  },
  "_stats": {
    "coreVersion": "13.347",
    "systemId": "swade",
    "systemVersion": "5.0.5",
    "createdTime": 1757072059514,
    "modifiedTime": 1757072059514,
    "lastModifiedBy": "TW8E9Ylq0NMu40vd",
    "exportSource": {
      "worldId": "testsavage",
      "uuid": "Item.01hdQ1Ye4tigQI0k",
      "coreVersion": "13.347",
      "systemId": "swade",
      "systemVersion": "5.0.5"
    }
  },
  "flags": {
    "sigil": {
      "completed": true
    }
  }
}