{
  "effects": [
    {
      "_id": "8GuAKkQxOUCIgz5k",
      "changes": [
        {
          "key": "@Weapon{Руки і ноги}[system.actions.traitMod]",
          "mode": 2,
          "value": "+1",
          "priority": null
        },
        {
          "key": "@Weapon{Руки і ноги}[system.actions.dmgMod]",
          "mode": 5,
          "value": "+d4x",
          "priority": null
        },
        {
          "key": "@Weapon{Пазурі}[system.actions.traitMod]",
          "mode": 2,
          "value": "+1",
          "priority": null
        },
        {
          "key": "@Weapon{Пазурі}[system.damage]",
          "mode": 5,
          "value": "@str+d6",
          "priority": null
        }
      ],
      "disabled": false,
      "duration": {
        "startTime": null,
        "seconds": null,
        "combat": null,
        "rounds": null,
        "turns": null,
        "startRound": null,
        "startTurn": null
      },
      "flags": {
        "sigil": {
          "completed": true
        }
      },
      "name": "Вправний боєць",
      "tint": "#ffffff",
      "transfer": true,
      "description": "<p>Персонаж знає бойові мистецтва. Його руки та ноги є зброєю (див. <strong>@UUID[Compendium.swade-core-rules.swade-rules.swadecor03rules0.JournalEntryPage.03naturalweapo00]{«Природна зброя»}</strong>), тож його завжди вважають озброєним. Персонаж має +1, коли завдає ударів руками чи ногами, а для ушкоджень кидає на @UUID[Compendium.swade-core-rules.swade-rules.swadecor01charac.JournalEntryPage.01traits00000000]{міць} + 1к4. Якщо персонаж вже має кістку ушкоджень від <strong>@UUID[Compendium.swade-core-rules.swade-rules.JournalEntry.swadecor06bestia.JournalEntryPage.06specialabili04]{пазурів}</strong> або переваги «@Compendium[swade-core-rules.swade-edges.Забіяка]{Забіяка}», підвищте цю кістку на один ступінь.</p><p>«Вправний боєць» <em>не збільшує</em> ушкодження від іншої природної зброї, як-от ікл чи рогів.</p>",
      "_stats": {
        "coreVersion": "13.347",
        "systemId": "swade",
        "systemVersion": "5.0.5",
        "lastModifiedBy": null
      },
      "img": "systems/swade/assets/icons/edge.svg",
      "type": "base",
      "system": {
        "removeEffect": false,
        "expiration": null,
        "loseTurnOnHold": false,
        "favorite": false,
        "conditionalEffect": false
      },
      "origin": null,
      "statuses": [],
      "sort": 0
    }
  ],
  "folder": "5Edj401f5rN7XMuT",
  "img": "modules/swade-core-rules/assets/edges/%D0%B2%D0%BF%D1%80%D0%B0%D0%B2%D0%BD%D0%B8%D0%B9-%D0%B1%D0%BE%D1%94%D1%86%D1%8C.webp",
  "name": "Вправний боєць",
  "type": "edge",
  "system": {
    "source": "SWADE Core Rules UA",
    "additionalStats": {},
    "description": "<p>Персонаж знає бойові мистецтва. Його руки та ноги є зброєю (див. <strong>@UUID[Compendium.swade-core-rules.swade-rules.swadecor03rules0.JournalEntryPage.03naturalweapo00]{«Природна зброя»}</strong>), тож його завжди вважають озброєним. Персонаж має +1, коли завдає ударів руками чи ногами, а для ушкоджень кидає на @UUID[Compendium.swade-core-rules.swade-rules.swadecor01charac.JournalEntryPage.01traits00000000]{міць} + 1к4. Якщо персонаж вже має кістку ушкоджень від <strong>@UUID[Compendium.swade-core-rules.swade-rules.JournalEntry.swadecor06bestia.JournalEntryPage.06specialabili04]{пазурів}</strong> або переваги «@Compendium[swade-core-rules.swade-edges.Забіяка]{Забіяка}», підвищте цю кістку на один ступінь.</p><p>«Вправний боєць» <em>не збільшує</em> ушкодження від іншої природної зброї, як-от ікл чи рогів.</p>",
    "isArcaneBackground": false,
    "notes": "",
    "requirements": [
      {
        "type": "rank",
        "value": 0,
        "combinator": "and",
        "selector": ""
      },
      {
        "type": "skill",
        "label": "Бійка",
        "selector": "fighting",
        "value": 6,
        "combinator": "and"
      }
    ],
    "category": "Бойові",
    "swid": "martial-artist",
    "choiceSets": [],
    "favorite": false,
    "grants": []
  },
  "_stats": {
    "coreVersion": "13.347",
    "systemId": "swade",
    "systemVersion": "5.0.5",
    "createdTime": 1757072059514,
    "modifiedTime": 1757072059514,
    "lastModifiedBy": "TW8E9Ylq0NMu40vd",
    "exportSource": {
      "worldId": "testsavage",
      "uuid": "Item.YVUeqfQ2v6hwnfrO",
      "coreVersion": "13.347",
      "systemId": "swade",
      "systemVersion": "5.0.5"
    }
  },
  "flags": {
    "sigil": {
      "completed": true
    }
  }
}