{
  "effects": [],
  "folder": "5Edj401f5rN7XMuT",
  "img": "systems/swade/assets/icons/edge.svg",
  "name": "Очки сили",
  "type": "edge",
  "system": {
    "source": "SWADE Core Rules UA",
    "additionalStats": {},
    "description": "<p>Пов'язані переваги: @Compendium[swade-core-rules.swade-edges.Містичний дар (Вроджений)]{Містичний дар (Вроджений)}, @Compendium[swade-core-rules.swade-edges.Містичний дар (Дива)]{Містичний дар (Дива)}, @Compendium[swade-core-rules.swade-edges.Містичний дар (Дивні науки)]{Містичний дар (Дивні науки)}, @Compendium[swade-core-rules.swade-edges.Містичний дар (Магія)]{Містичний дар (Магія)}, @Compendium[swade-core-rules.swade-edges.Містичний дар (Псіоніка)]{Містичний дар (Псіоніка)}</p><p>Чарівники, дивні науковці й інші містичні типи персонажів завжди прагнуть більшої могутності. Ця перевага дає їм 5 додаткових @UUID[Compendium.swade-core-rules.swade-rules.JournalEntry.swadecor05powers.JournalEntryPage.05arcanebackgr00]{очок сили}.</p><p>Перевагу можна вибирати один раз на @UUID[Compendium.swade-core-rules.swade-rules.swadecor01charac.JournalEntryPage.01advancement000]{ранг}. З рангом «Легенда» перевагу можна вибирати скільки завгодно разів, утім, вона даватиме лише 2 додаткові очки сили.</p>",
    "isArcaneBackground": false,
    "notes": "",
    "requirements": [
      {
        "type": "rank",
        "value": 0,
        "combinator": "and",
        "selector": ""
      },
      {
        "type": "other",
        "label": "Містичний дар (будь-який)",
        "selector": "",
        "value": "",
        "combinator": "and"
      }
    ],
    "category": "Силові",
    "swid": "power-points",
    "choiceSets": [],
    "favorite": false,
    "grants": []
  },
  "_stats": {
    "coreVersion": "13.347",
    "systemId": "swade",
    "systemVersion": "5.0.5",
    "createdTime": 1757072059514,
    "modifiedTime": 1757072059514,
    "lastModifiedBy": "TW8E9Ylq0NMu40vd",
    "exportSource": {
      "worldId": "testsavage",
      "uuid": "Item.I5ezwjOsBFuoxEaN",
      "coreVersion": "13.347",
      "systemId": "swade",
      "systemVersion": "5.0.5"
    }
  },
  "flags": {
    "sigil": {
      "completed": true
    }
  }
}