{
  "effects": [],
  "folder": "vk6Y4oqoIBQtcMK2",
  "img": "systems/swade/assets/icons/action.svg",
  "name": "Гострий язик",
  "type": "action",
  "system": {
    "source": "SWADE Core Rules UA",
    "category": "Переваги",
    "swid": "rabble-rouser",
    "description": "<p>Персонаж — ще той підбурювач, і знає, як розлютити кількох ворогів одночасно.</p><p>Застосування переваги «Гострий язик» — це обмежена дія; персонаж із цією перевагою може створити соціальну @UUID[Compendium.swade-core-rules.swade-rules.swadecor03rules0.JournalEntryPage.03test0000000000]{заваду}, використавши @Compendium[swade-core-rules.swade-skills.Залякування]{залякування} або @Compendium[swade-core-rules.swade-skills.Провокація]{провокацію} проти всіх ворогів у @UUID[Compendium.swade-core-rules.swade-rules.swadecor03rules0.JournalEntryPage.03areaeffectat00]{середньому радіусі дії}. Цілі мають ясно чути та бачити персонажа. Кожна ціль мусить чинити опір заваді окремо.</p>",
    "notes": "",
    "actions": {
      "additional": {
        "testIntim": {
          "type": "trait",
          "name": "Завада (Залякування)",
          "override": "Залякування",
          "uuid": null,
          "macroActor": "default",
          "isHeavyWeapon": false,
          "modifier": "",
          "dice": null,
          "resourcesUsed": null
        },
        "testTaunt": {
          "type": "trait",
          "name": "Завада (Провокація)",
          "override": "Провокація",
          "uuid": null,
          "macroActor": "default",
          "isHeavyWeapon": false,
          "modifier": "",
          "dice": null,
          "resourcesUsed": null
        },
        "resistSpirit": {
          "type": "resist",
          "name": "Опір заваді (Воля)",
          "override": "Воля",
          "uuid": null,
          "macroActor": "default",
          "isHeavyWeapon": false,
          "modifier": ""
        },
        "resistSmarts": {
          "type": "resist",
          "name": "Опір заваді (Кмітливість)",
          "override": "Кмітливість",
          "uuid": null,
          "macroActor": "default",
          "isHeavyWeapon": false,
          "modifier": ""
        }
      },
      "dmgMod": "",
      "trait": "",
      "traitMod": ""
    },
    "templates": {
      "cone": false,
      "stream": false,
      "small": false,
      "medium": true,
      "large": false
    },
    "additionalStats": {},
    "choiceSets": [],
    "favorite": false,
    "bonusDamageDie": 6,
    "bonusDamageDice": 1,
    "hidden": false
  },
  "_stats": {
    "coreVersion": "13.347",
    "systemId": "swade",
    "systemVersion": "5.0.5",
    "createdTime": 1756991442735,
    "modifiedTime": 1756991442735,
    "lastModifiedBy": "TW8E9Ylq0NMu40vd",
    "exportSource": {
      "worldId": "testsavage",
      "uuid": "Item.dUVDSJZqnAvb8EcO",
      "coreVersion": "13.347",
      "systemId": "swade",
      "systemVersion": "5.0.5"
    }
  },
  "flags": {
    "sigil": {
      "completed": true
    },
    "autoanimations": {
      "id": "3516b6d6-bd39-449f-b128-b1e4626acf33",
      "label": "Гострий язик",
      "macro": {
        "enable": false,
        "playWhen": "0"
      },
      "menu": "templatefx",
      "primary": {
        "video": {
          "dbSection": "templatefx",
          "menuType": "circle",
          "animation": "musicnote",
          "variant": "01",
          "color": "blue",
          "enableCustom": false,
          "customPath": ""
        },
        "sound": {
          "enable": true,
          "delay": 0,
          "repeat": 1,
          "repeatDelay": 250,
          "startTime": 0,
          "volume": 0.75,
          "file": "modules/psfx/library/1st-level-spells/entangle/vines/v1/entangle-intro.ogg"
        },
        "options": {
          "contrast": 0,
          "delay": 0,
          "elevation": 1000,
          "isMasked": true,
          "isWait": false,
          "occlusionAlpha": 0.5,
          "occlusionMode": "3",
          "opacity": 1,
          "persistent": true,
          "persistType": "attachtemplate",
          "playbackRate": 1,
          "removeTemplate": false,
          "repeat": 1,
          "repeatDelay": 250,
          "rotate": 0,
          "saturate": 0,
          "scale": "1",
          "tint": true,
          "tintColor": "#FFFFFF",
          "zIndex": 1,
          "xray": true
        }
      },
      "secondary": {
        "enable": false,
        "video": {
          "dbSection": "static",
          "menuType": "spell",
          "animation": "curewounds",
          "variant": "01",
          "color": "blue",
          "enableCustom": false,
          "customPath": ""
        },
        "sound": {
          "enable": false,
          "delay": 0,
          "repeat": 1,
          "repeatDelay": 250,
          "startTime": 0,
          "volume": 0.75
        },
        "options": {
          "addTokenWidth": false,
          "anchor": "0.5",
          "contrast": 0,
          "delay": 0,
          "elevation": 1000,
          "fadeIn": 250,
          "fadeOut": 500,
          "isMasked": false,
          "isRadius": true,
          "isWait": false,
          "opacity": 1,
          "repeat": 1,
          "repeatDelay": 250,
          "saturate": 0,
          "size": 1.5,
          "tint": false,
          "tintColor": "#FFFFFF",
          "zIndex": 1
        }
      },
      "soundOnly": {
        "sound": {
          "enable": false,
          "delay": 0,
          "repeat": 1,
          "repeatDelay": 250,
          "startTime": 0,
          "volume": 0.75
        }
      },
      "source": {
        "enable": false,
        "video": {
          "dbSection": "static",
          "menuType": "spell",
          "animation": "curewounds",
          "variant": "01",
          "color": "blue",
          "enableCustom": false,
          "customPath": ""
        },
        "sound": {
          "enable": false,
          "delay": 0,
          "repeat": 1,
          "repeatDelay": 250,
          "startTime": 0,
          "volume": 0.75
        },
        "options": {
          "addTokenWidth": false,
          "anchor": "0.5",
          "contrast": 0,
          "delay": 0,
          "elevation": 1000,
          "fadeIn": 250,
          "fadeOut": 500,
          "isMasked": false,
          "isRadius": false,
          "isWait": true,
          "opacity": 1,
          "repeat": 1,
          "repeatDelay": 250,
          "saturate": 0,
          "size": 1,
          "tint": false,
          "tintColor": "#FFFFFF",
          "zIndex": 1
        }
      },
      "target": {
        "enable": false,
        "video": {
          "dbSection": "static",
          "menuType": "spell",
          "animation": "curewounds",
          "variant": "01",
          "color": "blue",
          "enableCustom": false,
          "customPath": ""
        },
        "sound": {
          "enable": false,
          "delay": 0,
          "repeat": 1,
          "repeatDelay": 250,
          "startTime": 0,
          "volume": 0.75
        },
        "options": {
          "addTokenWidth": false,
          "anchor": "0.5",
          "contrast": 0,
          "delay": 0,
          "elevation": 1000,
          "fadeIn": 250,
          "fadeOut": 500,
          "isMasked": false,
          "isRadius": false,
          "opacity": 1,
          "persistent": false,
          "repeat": 1,
          "repeatDelay": 250,
          "saturate": 0,
          "size": 1,
          "tint": false,
          "tintColor": "#FFFFFF",
          "unbindAlpha": false,
          "unbindVisibility": false,
          "zIndex": 1
        }
      },
      "isEnabled": true,
      "isCustomized": true,
      "fromAmmo": false,
      "version": 5
    }
  }
}