{
  "name": "SWADE Action Deck",
  "type": "deck",
  "description": "Savage Worlds Advendute Edition Action Deck",
  "img": "modules/swade-core-rules/assets/decks/ActionDeck/Action_Deck_Cards_Back.webp",
  "data": {},
  "cards": [
    {
      "_id": "BOKvPkEUmVuAOHjo",
      "name": "10 of Clubs",
      "description": "10♣",
      "type": "poker",
      "data": {
        "suit": 1,
        "isJoker": false
      },
      "suit": "clubs",
      "value": 10,
      "back": {
        "name": "",
        "text": ""
      },
      "faces": [
        {
          "name": "10 of Clubs",
          "img": "modules/swade-core-rules/assets/decks/ActionDeck/Action_Deck_Cards_CLUBS_10.webp",
          "text": ""
        }
      ],
      "face": 0,
      "drawn": false,
      "origin": "HJaDvzBoyDKMTC5k",
      "rotation": 0,
      "sort": 34,
      "flags": {}
    },
    {
      "_id": "Fo94OnJqwdRYUnUZ",
      "name": "10 of Diamonds",
      "description": "10♦",
      "type": "poker",
      "data": {
        "suit": 2,
        "isJoker": false
      },
      "suit": "diamonds",
      "value": 10,
      "back": {
        "name": "",
        "text": ""
      },
      "faces": [
        {
          "name": "10 of Diamonds",
          "img": "modules/swade-core-rules/assets/decks/ActionDeck/Action_Deck_Cards_DIAMONDS_10.webp",
          "text": ""
        }
      ],
      "face": 0,
      "drawn": false,
      "origin": "HJaDvzBoyDKMTC5k",
      "rotation": 0,
      "sort": 30,
      "flags": {}
    },
    {
      "_id": "EtrEUib7pGMwSjNR",
      "name": "10 of Hearts",
      "description": "10♥",
      "type": "poker",
      "data": {
        "suit": 3,
        "isJoker": false
      },
      "suit": "hearts",
      "value": 10,
      "back": {
        "name": "",
        "text": ""
      },
      "faces": [
        {
          "name": "10 of Hearts",
          "img": "modules/swade-core-rules/assets/decks/ActionDeck/Action_Deck_Cards_HEARTS_10.webp",
          "text": ""
        }
      ],
      "face": 0,
      "drawn": false,
      "origin": "HJaDvzBoyDKMTC5k",
      "rotation": 0,
      "sort": 13,
      "flags": {}
    },
    {
      "_id": "TALZw2k9EA5vlSIb",
      "name": "10 of Spades",
      "description": "10♠",
      "type": "poker",
      "data": {
        "suit": 4,
        "isJoker": false
      },
      "suit": "spades",
      "value": 10,
      "back": {
        "name": "",
        "text": ""
      },
      "faces": [
        {
          "name": "10 of Spades",
          "img": "modules/swade-core-rules/assets/decks/ActionDeck/Action_Deck_Cards_SPADES_10.webp",
          "text": ""
        }
      ],
      "face": 0,
      "drawn": false,
      "origin": "HJaDvzBoyDKMTC5k",
      "rotation": 0,
      "sort": 38,
      "flags": {}
    },
    {
      "_id": "Zv9MbCgrhajWNi9f",
      "name": "2 of Clubs",
      "description": "2♣",
      "type": "poker",
      "data": {
        "suit": 1,
        "isJoker": false
      },
      "suit": "clubs",
      "value": 2,
      "back": {
        "name": "",
        "text": ""
      },
      "faces": [
        {
          "name": "2 of Clubs",
          "img": "modules/swade-core-rules/assets/decks/ActionDeck/Action_Deck_Cards_CLUBS_2.webp",
          "text": ""
        }
      ],
      "face": 0,
      "drawn": false,
      "origin": "HJaDvzBoyDKMTC5k",
      "rotation": 0,
      "sort": 22,
      "flags": {}
    },
    {
      "_id": "sonCbh0bB9U3SaFc",
      "name": "2 of Diamonds",
      "description": "2♦",
      "type": "poker",
      "data": {
        "suit": 2,
        "isJoker": false
      },
      "suit": "diamonds",
      "value": 2,
      "back": {
        "name": "",
        "text": ""
      },
      "faces": [
        {
          "name": "2 of Diamonds",
          "img": "modules/swade-core-rules/assets/decks/ActionDeck/Action_Deck_Cards_DIAMONDS_2.webp",
          "text": ""
        }
      ],
      "face": 0,
      "drawn": false,
      "origin": "HJaDvzBoyDKMTC5k",
      "rotation": 0,
      "sort": 14,
      "flags": {}
    },
    {
      "_id": "2myNr6rmGh20Tcpc",
      "name": "2 of Hearts",
      "description": "2♥",
      "type": "poker",
      "data": {
        "suit": 3,
        "isJoker": false
      },
      "suit": "hearts",
      "value": 2,
      "back": {
        "name": "",
        "text": ""
      },
      "faces": [
        {
          "name": "2 of Hearts",
          "img": "modules/swade-core-rules/assets/decks/ActionDeck/Action_Deck_Cards_HEARTS_2.webp",
          "text": ""
        }
      ],
      "face": 0,
      "drawn": false,
      "origin": "HJaDvzBoyDKMTC5k",
      "rotation": 0,
      "sort": 41,
      "flags": {}
    },
    {
      "_id": "W1vZH7tAA7GyFBmf",
      "name": "2 of Spades",
      "description": "2♠",
      "type": "poker",
      "data": {
        "suit": 4,
        "isJoker": false
      },
      "suit": "spades",
      "value": 2,
      "back": {
        "name": "",
        "text": ""
      },
      "faces": [
        {
          "name": "2 of Spades",
          "img": "modules/swade-core-rules/assets/decks/ActionDeck/Action_Deck_Cards_SPADES_2.webp",
          "text": ""
        }
      ],
      "face": 0,
      "drawn": false,
      "origin": "HJaDvzBoyDKMTC5k",
      "rotation": 0,
      "sort": 24,
      "flags": {}
    },
    {
      "_id": "sKhJFkcGZuWzJmUm",
      "name": "3 of Diamonds",
      "description": "3♦",
      "type": "poker",
      "data": {
        "suit": 2,
        "isJoker": false
      },
      "suit": "diamonds",
      "value": 3,
      "back": {
        "name": "",
        "text": ""
      },
      "faces": [
        {
          "name": "3 of Diamonds",
          "img": "modules/swade-core-rules/assets/decks/ActionDeck/Action_Deck_Cards_DIAMONDS_3.webp",
          "text": ""
        }
      ],
      "face": 0,
      "drawn": false,
      "origin": "HJaDvzBoyDKMTC5k",
      "rotation": 0,
      "sort": 39,
      "flags": {}
    },
    {
      "_id": "S2rzPfY4c1otgjEA",
      "name": "3 of Hearts",
      "description": "3♥",
      "type": "poker",
      "data": {
        "suit": 3,
        "isJoker": false
      },
      "suit": "hearts",
      "value": 3,
      "back": {
        "name": "",
        "text": ""
      },
      "faces": [
        {
          "name": "3 of Hearts",
          "img": "modules/swade-core-rules/assets/decks/ActionDeck/Action_Deck_Cards_HEARTS_3.webp",
          "text": ""
        }
      ],
      "face": 0,
      "drawn": false,
      "origin": "HJaDvzBoyDKMTC5k",
      "rotation": 0,
      "sort": 27,
      "flags": {}
    },
    {
      "_id": "78kqqacGHB5XRzWt",
      "name": "3 of Spades",
      "description": "3♠",
      "type": "poker",
      "data": {
        "suit": 4,
        "isJoker": false
      },
      "suit": "spades",
      "value": 3,
      "back": {
        "name": "",
        "text": ""
      },
      "faces": [
        {
          "name": "3 of Spades",
          "img": "modules/swade-core-rules/assets/decks/ActionDeck/Action_Deck_Cards_SPADES_3.webp",
          "text": ""
        }
      ],
      "face": 0,
      "drawn": false,
      "origin": "HJaDvzBoyDKMTC5k",
      "rotation": 0,
      "sort": 23,
      "flags": {}
    },
    {
      "_id": "gsOX6W4oSx3oA4Tr",
      "name": "4 of Clubs",
      "description": "4♣",
      "type": "poker",
      "data": {
        "suit": 1,
        "isJoker": false
      },
      "suit": "clubs",
      "value": 4,
      "back": {
        "name": "",
        "text": ""
      },
      "faces": [
        {
          "name": "4 of Clubs",
          "img": "modules/swade-core-rules/assets/decks/ActionDeck/Action_Deck_Cards_CLUBS_4.webp",
          "text": ""
        }
      ],
      "face": 0,
      "drawn": false,
      "origin": "HJaDvzBoyDKMTC5k",
      "rotation": 0,
      "sort": 5,
      "flags": {}
    },
    {
      "_id": "8uNyyKZTB8YrGO8o",
      "name": "4 of Diamonds",
      "description": "4♦",
      "type": "poker",
      "data": {
        "suit": 2,
        "isJoker": false
      },
      "suit": "diamonds",
      "value": 4,
      "back": {
        "name": "",
        "text": ""
      },
      "faces": [
        {
          "name": "4 of Diamonds",
          "img": "modules/swade-core-rules/assets/decks/ActionDeck/Action_Deck_Cards_DIAMONDS_4.webp",
          "text": ""
        }
      ],
      "face": 0,
      "drawn": true,
      "origin": "HJaDvzBoyDKMTC5k",
      "rotation": 0,
      "sort": 1,
      "flags": {}
    },
    {
      "_id": "tvks6ljV8zqKyKQm",
      "name": "4 of Hearts",
      "description": "4♥",
      "type": "poker",
      "data": {
        "suit": 3,
        "isJoker": false
      },
      "suit": "hearts",
      "value": 4,
      "back": {
        "name": "",
        "text": ""
      },
      "faces": [
        {
          "name": "4 of Hearts",
          "img": "modules/swade-core-rules/assets/decks/ActionDeck/Action_Deck_Cards_HEARTS_4.webp",
          "text": ""
        }
      ],
      "face": 0,
      "drawn": false,
      "origin": "HJaDvzBoyDKMTC5k",
      "rotation": 0,
      "sort": 20,
      "flags": {}
    },
    {
      "_id": "PNb70qaeR2gFCjDg",
      "name": "4 of Spades",
      "description": "4♠",
      "type": "poker",
      "data": {
        "suit": 4,
        "isJoker": false
      },
      "suit": "spades",
      "value": 4,
      "back": {
        "name": "",
        "text": ""
      },
      "faces": [
        {
          "name": "4 of Spades",
          "img": "modules/swade-core-rules/assets/decks/ActionDeck/Action_Deck_Cards_SPADES_4.webp",
          "text": ""
        }
      ],
      "face": 0,
      "drawn": false,
      "origin": "HJaDvzBoyDKMTC5k",
      "rotation": 0,
      "sort": 7,
      "flags": {}
    },
    {
      "_id": "oqnKjw0NjH2bXgEp",
      "name": "5 of Diamonds",
      "description": "5♦",
      "type": "poker",
      "data": {
        "suit": 2,
        "isJoker": false
      },
      "suit": "diamonds",
      "value": 5,
      "back": {
        "name": "",
        "text": ""
      },
      "faces": [
        {
          "name": "5 of Diamonds",
          "img": "modules/swade-core-rules/assets/decks/ActionDeck/Action_Deck_Cards_DIAMONDS_5.webp",
          "text": ""
        }
      ],
      "face": 0,
      "drawn": false,
      "origin": "HJaDvzBoyDKMTC5k",
      "rotation": 0,
      "sort": 32,
      "flags": {}
    },
    {
      "_id": "LemGj1aQYUWvl6Lb",
      "name": "5 of Spades",
      "description": "5♠",
      "type": "poker",
      "data": {
        "suit": 4,
        "isJoker": false
      },
      "suit": "spades",
      "value": 5,
      "back": {
        "name": "",
        "text": ""
      },
      "faces": [
        {
          "name": "5 of Spades",
          "img": "modules/swade-core-rules/assets/decks/ActionDeck/Action_Deck_Cards_SPADES_5.webp",
          "text": ""
        }
      ],
      "face": 0,
      "drawn": false,
      "origin": "HJaDvzBoyDKMTC5k",
      "rotation": 0,
      "sort": 33,
      "flags": {}
    },
    {
      "_id": "6JnywvFEEthGRwjT",
      "name": "6 of Clubs",
      "description": "6♣",
      "type": "poker",
      "data": {
        "suit": 1,
        "isJoker": false
      },
      "suit": "clubs",
      "value": 6,
      "back": {
        "name": "",
        "text": ""
      },
      "faces": [
        {
          "name": "6 of Clubs",
          "img": "modules/swade-core-rules/assets/decks/ActionDeck/Action_Deck_Cards_CLUBS_6.webp",
          "text": ""
        }
      ],
      "face": 0,
      "drawn": false,
      "origin": "HJaDvzBoyDKMTC5k",
      "rotation": 0,
      "sort": 29,
      "flags": {}
    },
    {
      "_id": "cLsZo60u216oZuNE",
      "name": "6 of Diamonds",
      "description": "6♦",
      "type": "poker",
      "data": {
        "suit": 2,
        "isJoker": false
      },
      "suit": "diamonds",
      "value": 6,
      "back": {
        "name": "",
        "text": ""
      },
      "faces": [
        {
          "name": "6 of Diamonds",
          "img": "modules/swade-core-rules/assets/decks/ActionDeck/Action_Deck_Cards_DIAMONDS_6.webp",
          "text": ""
        }
      ],
      "face": 0,
      "drawn": false,
      "origin": "HJaDvzBoyDKMTC5k",
      "rotation": 0,
      "sort": 40,
      "flags": {}
    },
    {
      "_id": "xIBHnREX6YRojxhA",
      "name": "6 of Spades",
      "description": "6♠",
      "type": "poker",
      "data": {
        "suit": 4,
        "isJoker": false
      },
      "suit": "spades",
      "value": 6,
      "back": {
        "name": "",
        "text": ""
      },
      "faces": [
        {
          "name": "6 of Spades",
          "img": "modules/swade-core-rules/assets/decks/ActionDeck/Action_Deck_Cards_SPADES_6.webp",
          "text": ""
        }
      ],
      "face": 0,
      "drawn": false,
      "origin": "HJaDvzBoyDKMTC5k",
      "rotation": 0,
      "sort": 42,
      "flags": {}
    },
    {
      "_id": "3fXJt2XF2x2XwY1R",
      "name": "7 of Clubs",
      "description": "7♣",
      "type": "poker",
      "data": {
        "suit": 1,
        "isJoker": false
      },
      "suit": "clubs",
      "value": 7,
      "back": {
        "name": "",
        "text": ""
      },
      "faces": [
        {
          "name": "7 of Clubs",
          "img": "modules/swade-core-rules/assets/decks/ActionDeck/Action_Deck_Cards_CLUBS_7.webp",
          "text": ""
        }
      ],
      "face": 0,
      "drawn": false,
      "origin": "HJaDvzBoyDKMTC5k",
      "rotation": 0,
      "sort": 25,
      "flags": {}
    },
    {
      "_id": "9eRQjCOkJV5R6hIm",
      "name": "7 of Diamonds",
      "description": "7♦",
      "type": "poker",
      "data": {
        "suit": 2,
        "isJoker": false
      },
      "suit": "diamonds",
      "value": 7,
      "back": {
        "name": "",
        "text": ""
      },
      "faces": [
        {
          "name": "7 of Diamonds",
          "img": "modules/swade-core-rules/assets/decks/ActionDeck/Action_Deck_Cards_DIAMONDS_7.webp",
          "text": ""
        }
      ],
      "face": 0,
      "drawn": false,
      "origin": "HJaDvzBoyDKMTC5k",
      "rotation": 0,
      "sort": 45,
      "flags": {}
    },
    {
      "_id": "XHe87Un95NLx3rw9",
      "name": "7 of Hearts",
      "description": "7♥",
      "type": "poker",
      "data": {
        "suit": 3,
        "isJoker": false
      },
      "suit": "hearts",
      "value": 7,
      "back": {
        "name": "",
        "text": ""
      },
      "faces": [
        {
          "name": "7 of Hearts",
          "img": "modules/swade-core-rules/assets/decks/ActionDeck/Action_Deck_Cards_HEARTS_7.webp",
          "text": ""
        }
      ],
      "face": 0,
      "drawn": false,
      "origin": "HJaDvzBoyDKMTC5k",
      "rotation": 0,
      "sort": 26,
      "flags": {}
    },
    {
      "_id": "0Pt3U3efvjcMr32Y",
      "name": "7 of Spades",
      "description": "7♠",
      "type": "poker",
      "data": {
        "suit": 4,
        "isJoker": false
      },
      "suit": "spades",
      "value": 7,
      "back": {
        "name": "",
        "text": ""
      },
      "faces": [
        {
          "name": "7 of Spades",
          "img": "modules/swade-core-rules/assets/decks/ActionDeck/Action_Deck_Cards_SPADES_7.webp",
          "text": ""
        }
      ],
      "face": 0,
      "drawn": false,
      "origin": "HJaDvzBoyDKMTC5k",
      "rotation": 0,
      "sort": 36,
      "flags": {}
    },
    {
      "_id": "hkeP0ERDaGOmjNHa",
      "name": "8 of Clubs",
      "description": "8♣",
      "type": "poker",
      "data": {
        "suit": 1,
        "isJoker": false
      },
      "suit": "clubs",
      "value": 8,
      "back": {
        "name": "",
        "text": ""
      },
      "faces": [
        {
          "name": "8 of Clubs",
          "img": "modules/swade-core-rules/assets/decks/ActionDeck/Action_Deck_Cards_CLUBS_8.webp",
          "text": ""
        }
      ],
      "face": 0,
      "drawn": true,
      "origin": "HJaDvzBoyDKMTC5k",
      "rotation": 0,
      "sort": 0,
      "flags": {}
    },
    {
      "_id": "SZy1ER29goXmL8Nd",
      "name": "8 of Diamonds",
      "description": "8♦",
      "type": "poker",
      "data": {
        "suit": 2,
        "isJoker": false
      },
      "suit": "diamonds",
      "value": 8,
      "back": {
        "name": "",
        "text": ""
      },
      "faces": [
        {
          "name": "8 of Diamonds",
          "img": "modules/swade-core-rules/assets/decks/ActionDeck/Action_Deck_Cards_DIAMONDS_8.webp",
          "text": ""
        }
      ],
      "face": 0,
      "drawn": false,
      "origin": "HJaDvzBoyDKMTC5k",
      "rotation": 0,
      "sort": 16,
      "flags": {}
    },
    {
      "_id": "xebicqlP3t9VmhLn",
      "name": "8 of Hearts",
      "description": "8♥",
      "type": "poker",
      "data": {
        "suit": 3,
        "isJoker": false
      },
      "suit": "hearts",
      "value": 8,
      "back": {
        "name": "",
        "text": ""
      },
      "faces": [
        {
          "name": "8 of Hearts",
          "img": "modules/swade-core-rules/assets/decks/ActionDeck/Action_Deck_Cards_HEARTS_8.webp",
          "text": ""
        }
      ],
      "face": 0,
      "drawn": false,
      "origin": "HJaDvzBoyDKMTC5k",
      "rotation": 0,
      "sort": 17,
      "flags": {}
    },
    {
      "_id": "yqWIke5M7H5oWLQ6",
      "name": "8 of Spades",
      "description": "8♠",
      "type": "poker",
      "data": {
        "suit": 4,
        "isJoker": false
      },
      "suit": "spades",
      "value": 8,
      "back": {
        "name": "",
        "text": ""
      },
      "faces": [
        {
          "name": "8 of Spades",
          "img": "modules/swade-core-rules/assets/decks/ActionDeck/Action_Deck_Cards_SPADES_8.webp",
          "text": ""
        }
      ],
      "face": 0,
      "drawn": false,
      "origin": "HJaDvzBoyDKMTC5k",
      "rotation": 0,
      "sort": 11,
      "flags": {}
    },
    {
      "_id": "HNrBeEFqsi947ZWy",
      "name": "9 of Clubs",
      "description": "9♣",
      "type": "poker",
      "data": {
        "suit": 1,
        "isJoker": false
      },
      "suit": "clubs",
      "value": 9,
      "back": {
        "name": "",
        "text": ""
      },
      "faces": [
        {
          "name": "9 of Clubs",
          "img": "modules/swade-core-rules/assets/decks/ActionDeck/Action_Deck_Cards_CLUBS_9.webp",
          "text": ""
        }
      ],
      "face": 0,
      "drawn": false,
      "origin": "HJaDvzBoyDKMTC5k",
      "rotation": 0,
      "sort": 12,
      "flags": {}
    },
    {
      "_id": "KWEVNvfHoBRcp8we",
      "name": "9 of Hearts",
      "description": "9♥",
      "type": "poker",
      "data": {
        "suit": 3,
        "isJoker": false
      },
      "suit": "hearts",
      "value": 9,
      "back": {
        "name": "",
        "text": ""
      },
      "faces": [
        {
          "name": "9 of Hearts",
          "img": "modules/swade-core-rules/assets/decks/ActionDeck/Action_Deck_Cards_HEARTS_9.webp",
          "text": ""
        }
      ],
      "face": 0,
      "drawn": false,
      "origin": "HJaDvzBoyDKMTC5k",
      "rotation": 0,
      "sort": 44,
      "flags": {}
    },
    {
      "_id": "uskWymMk7ZnB5Lfm",
      "name": "9 of Spades",
      "description": "9♠",
      "type": "poker",
      "data": {
        "suit": 4,
        "isJoker": false
      },
      "suit": "spades",
      "value": 9,
      "back": {
        "name": "",
        "text": ""
      },
      "faces": [
        {
          "name": "9 of Spades",
          "img": "modules/swade-core-rules/assets/decks/ActionDeck/Action_Deck_Cards_SPADES_9.webp",
          "text": ""
        }
      ],
      "face": 0,
      "drawn": false,
      "origin": "HJaDvzBoyDKMTC5k",
      "rotation": 0,
      "sort": 18,
      "flags": {}
    },
    {
      "_id": "5TOj8uTUgfyiFZIj",
      "name": "Ace of Clubs",
      "description": "A♣",
      "type": "poker",
      "data": {
        "suit": 1,
        "isJoker": false
      },
      "suit": "clubs",
      "value": 14,
      "back": {
        "name": "",
        "text": ""
      },
      "faces": [
        {
          "name": "Ace of Clubs",
          "img": "modules/swade-core-rules/assets/decks/ActionDeck/Action_Deck_Cards_CLUBS_Ace.webp",
          "text": ""
        }
      ],
      "face": 0,
      "drawn": false,
      "origin": "HJaDvzBoyDKMTC5k",
      "rotation": 0,
      "sort": 31,
      "flags": {}
    },
    {
      "_id": "EBOfFWeCO6MLon9h",
      "name": "Ace of Diamonds",
      "description": "A♦",
      "type": "poker",
      "data": {
        "suit": 2,
        "isJoker": false
      },
      "suit": "diamonds",
      "value": 14,
      "back": {
        "name": "",
        "text": ""
      },
      "faces": [
        {
          "name": "Ace of Diamonds",
          "img": "modules/swade-core-rules/assets/decks/ActionDeck/Action_Deck_Cards_DIAMONDS_Ace.webp",
          "text": ""
        }
      ],
      "face": 0,
      "drawn": false,
      "origin": "HJaDvzBoyDKMTC5k",
      "rotation": 0,
      "sort": 3,
      "flags": {}
    },
    {
      "_id": "iZtZhJ5Ya6KknOP4",
      "name": "Ace of Hearts",
      "description": "A♥",
      "type": "poker",
      "data": {
        "suit": 3,
        "isJoker": false
      },
      "suit": "hearts",
      "value": 14,
      "back": {
        "name": "",
        "text": ""
      },
      "faces": [
        {
          "name": "Ace of Hearts",
          "img": "modules/swade-core-rules/assets/decks/ActionDeck/Action_Deck_Cards_HEARTS_Ace.webp",
          "text": ""
        }
      ],
      "face": 0,
      "drawn": false,
      "origin": "HJaDvzBoyDKMTC5k",
      "rotation": 0,
      "sort": 19,
      "flags": {}
    },
    {
      "_id": "cVMiXPFp12llIkFQ",
      "name": "Ace of Spades",
      "description": "A♠",
      "type": "poker",
      "data": {
        "suit": 4,
        "isJoker": false
      },
      "suit": "spades",
      "value": 14,
      "back": {
        "name": "",
        "text": ""
      },
      "faces": [
        {
          "name": "Ace of Spades",
          "img": "modules/swade-core-rules/assets/decks/ActionDeck/Action_Deck_Cards_SPADES_Ace.webp",
          "text": ""
        }
      ],
      "face": 0,
      "drawn": false,
      "origin": "HJaDvzBoyDKMTC5k",
      "rotation": 0,
      "sort": 46,
      "flags": {}
    },
    {
      "_id": "DyycBxtOxYSWdaXs",
      "name": "Black Joker",
      "description": "Blk J",
      "type": "poker",
      "data": {
        "suit": 99,
        "isJoker": true
      },
      "suit": "joker",
      "value": 98,
      "back": {
        "name": "",
        "text": "",
        "img": null
      },
      "faces": [
        {
          "name": "Black Joker",
          "img": "modules/swade-core-rules/assets/decks/ActionDeck/Action_Deck_Cards_JOKER_Black.webp",
          "text": ""
        }
      ],
      "face": 0,
      "drawn": false,
      "origin": "HJaDvzBoyDKMTC5k",
      "rotation": 0,
      "sort": 8,
      "flags": {}
    },
    {
      "_id": "yFFd9YA3ihmVui5J",
      "name": "Jack of Diamonds",
      "description": "J♦",
      "type": "poker",
      "data": {
        "suit": 2,
        "isJoker": false
      },
      "suit": "diamonds",
      "value": 11,
      "back": {
        "name": "",
        "text": ""
      },
      "faces": [
        {
          "name": "Jack of Diamonds",
          "img": "modules/swade-core-rules/assets/decks/ActionDeck/Action_Deck_Cards_DIAMONDS_Jack.webp",
          "text": ""
        }
      ],
      "face": 0,
      "drawn": false,
      "origin": "HJaDvzBoyDKMTC5k",
      "rotation": 0,
      "sort": 43,
      "flags": {}
    },
    {
      "_id": "YJRtqzXIkfJOZKxg",
      "name": "Jack of Hearts",
      "description": "J♥",
      "type": "poker",
      "data": {
        "suit": 3,
        "isJoker": false
      },
      "suit": "hearts",
      "value": 11,
      "back": {
        "name": "",
        "text": ""
      },
      "faces": [
        {
          "name": "Jack of Hearts",
          "img": "modules/swade-core-rules/assets/decks/ActionDeck/Action_Deck_Cards_HEARTS_Jack.webp",
          "text": ""
        }
      ],
      "face": 0,
      "drawn": false,
      "origin": "HJaDvzBoyDKMTC5k",
      "rotation": 0,
      "sort": 4,
      "flags": {}
    },
    {
      "_id": "5xCvlMDXWNbFGq28",
      "name": "Jack of Spades",
      "description": "J♠",
      "type": "poker",
      "data": {
        "suit": 4,
        "isJoker": false
      },
      "suit": "spades",
      "value": 11,
      "back": {
        "name": "",
        "text": ""
      },
      "faces": [
        {
          "name": "Jack of Spades",
          "img": "modules/swade-core-rules/assets/decks/ActionDeck/Action_Deck_Cards_SPADES_Jack.webp",
          "text": ""
        }
      ],
      "face": 0,
      "drawn": false,
      "origin": "HJaDvzBoyDKMTC5k",
      "rotation": 0,
      "sort": 35,
      "flags": {}
    },
    {
      "_id": "Ijd2nuYkPqfm1hyd",
      "name": "King of Clubs",
      "description": "K♣",
      "type": "poker",
      "data": {
        "suit": 1,
        "isJoker": false
      },
      "suit": "clubs",
      "value": 13,
      "back": {
        "name": "",
        "text": ""
      },
      "faces": [
        {
          "name": "King of Clubs",
          "img": "modules/swade-core-rules/assets/decks/ActionDeck/Action_Deck_Cards_CLUBS_King.webp",
          "text": ""
        }
      ],
      "face": 0,
      "drawn": false,
      "origin": "HJaDvzBoyDKMTC5k",
      "rotation": 0,
      "sort": 15,
      "flags": {}
    },
    {
      "_id": "857JIjwHjfLTtqeH",
      "name": "King of Diamonds",
      "description": "K♦",
      "type": "poker",
      "data": {
        "suit": 2,
        "isJoker": false
      },
      "suit": "diamonds",
      "value": 13,
      "back": {
        "name": "",
        "text": ""
      },
      "faces": [
        {
          "name": "King of Diamonds",
          "img": "modules/swade-core-rules/assets/decks/ActionDeck/Action_Deck_Cards_DIAMONDS_King.webp",
          "text": ""
        }
      ],
      "face": 0,
      "drawn": true,
      "origin": "HJaDvzBoyDKMTC5k",
      "rotation": 0,
      "sort": 2,
      "flags": {}
    },
    {
      "_id": "UrmxQrD3Va0n1ukd",
      "name": "King of Hearts",
      "description": "K♥",
      "type": "poker",
      "data": {
        "suit": 3,
        "isJoker": false
      },
      "suit": "hearts",
      "value": 13,
      "back": {
        "name": "",
        "text": ""
      },
      "faces": [
        {
          "name": "King of Hearts",
          "img": "modules/swade-core-rules/assets/decks/ActionDeck/Action_Deck_Cards_HEARTS_King.webp",
          "text": ""
        }
      ],
      "face": 0,
      "drawn": false,
      "origin": "HJaDvzBoyDKMTC5k",
      "rotation": 0,
      "sort": 28,
      "flags": {}
    },
    {
      "_id": "Wyy08WOqcXnO541x",
      "name": "Queen of Clubs",
      "description": "Q♣",
      "type": "poker",
      "data": {
        "suit": 1,
        "isJoker": false
      },
      "suit": "clubs",
      "value": 12,
      "back": {
        "name": "",
        "text": ""
      },
      "faces": [
        {
          "name": "Queen of Clubs",
          "img": "modules/swade-core-rules/assets/decks/ActionDeck/Action_Deck_Cards_CLUBS_Queen.webp",
          "text": ""
        }
      ],
      "face": 0,
      "drawn": false,
      "origin": "HJaDvzBoyDKMTC5k",
      "rotation": 0,
      "sort": 37,
      "flags": {}
    },
    {
      "_id": "v55qFXoTNbtf3KuP",
      "name": "Queen of Diamonds",
      "description": "Q♦",
      "type": "poker",
      "data": {
        "suit": 2,
        "isJoker": false
      },
      "suit": "diamonds",
      "value": 12,
      "back": {
        "name": "",
        "text": ""
      },
      "faces": [
        {
          "name": "Queen of Diamonds",
          "img": "modules/swade-core-rules/assets/decks/ActionDeck/Action_Deck_Cards_DIAMONDS_Queen.webp",
          "text": ""
        }
      ],
      "face": 0,
      "drawn": false,
      "origin": "HJaDvzBoyDKMTC5k",
      "rotation": 0,
      "sort": 6,
      "flags": {}
    },
    {
      "_id": "pJ02njVJcFriDKts",
      "name": "Queen of Hearts",
      "description": "Q♥",
      "type": "poker",
      "data": {
        "suit": 3,
        "isJoker": false
      },
      "suit": "hearts",
      "value": 12,
      "back": {
        "name": "",
        "text": ""
      },
      "faces": [
        {
          "name": "Queen of Hearts",
          "img": "modules/swade-core-rules/assets/decks/ActionDeck/Action_Deck_Cards_HEARTS_Queen.webp",
          "text": ""
        }
      ],
      "face": 0,
      "drawn": false,
      "origin": "HJaDvzBoyDKMTC5k",
      "rotation": 0,
      "sort": 9,
      "flags": {}
    },
    {
      "_id": "P4evoskiBgTFFtHM",
      "name": "Queen of Spades",
      "description": "Q♠",
      "type": "poker",
      "data": {
        "suit": 4,
        "isJoker": false
      },
      "suit": "spades",
      "value": 12,
      "back": {
        "name": "",
        "text": ""
      },
      "faces": [
        {
          "name": "Queen of Spades",
          "img": "modules/swade-core-rules/assets/decks/ActionDeck/Action_Deck_Cards_SPADES_Queen.webp",
          "text": ""
        }
      ],
      "face": 0,
      "drawn": false,
      "origin": "HJaDvzBoyDKMTC5k",
      "rotation": 0,
      "sort": 21,
      "flags": {}
    },
    {
      "_id": "DUnukESJDgyvLlF7",
      "name": "Red Joker",
      "description": "Red J",
      "type": "poker",
      "data": {
        "suit": 99,
        "isJoker": true
      },
      "suit": "joker",
      "value": 99,
      "back": {
        "name": "",
        "text": "",
        "img": null
      },
      "faces": [
        {
          "name": "Red Joker",
          "img": "modules/swade-core-rules/assets/decks/ActionDeck/Action_Deck_Cards_JOKER_Red.webp",
          "text": ""
        }
      ],
      "face": 0,
      "drawn": false,
      "origin": "HJaDvzBoyDKMTC5k",
      "rotation": 0,
      "sort": 10,
      "flags": {}
    }
  ],
  "width": 2,
  "height": 3,
  "rotation": 0,
  "displayCount": false,
  "flags": {
    "exportSource": {
      "world": "swade-core-rules",
      "system": "swade",
      "coreVersion": "9.242",
      "systemVersion": "1.0.5"
    },
    "core": {
      "sourceId": "Cards.HJaDvzBoyDKMTC5k"
    }
  }
}