{
  "effects": [
    {
      "_id": "jqsyDcDjcUIunbLP",
      "changes": [
        {
          "key": "system.stats.size",
          "mode": 2,
          "value": "-1",
          "priority": null
        }
      ],
      "disabled": false,
      "duration": {
        "startTime": null,
        "seconds": null,
        "combat": null,
        "rounds": null,
        "turns": null,
        "startRound": null,
        "startTurn": null
      },
      "flags": {
        "sigil": {
          "completed": true
        }
      },
      "name": "Малий",
      "tint": "#ffffff",
      "transfer": true,
      "description": "",
      "origin": null,
      "statuses": [],
      "_stats": {
        "coreVersion": "13.347",
        "systemId": "swade",
        "systemVersion": "5.0.5",
        "lastModifiedBy": null
      },
      "img": "modules/swade-core-rules/assets/hindrance/%D0%BC%D0%B0%D0%BB%D0%B8%D0%B9.webp",
      "type": "base",
      "system": {
        "expiration": null,
        "removeEffect": false,
        "loseTurnOnHold": false,
        "favorite": false,
        "conditionalEffect": false
      },
      "sort": 0
    }
  ],
  "folder": "BbRhY7uUKmBd6u6P",
  "img": "modules/swade-core-rules/assets/hindrance/%D0%BC%D0%B0%D0%BB%D0%B8%D0%B9.webp",
  "name": "Малий",
  "type": "hindrance",
  "system": {
    "source": "SWADE Core Rules UA",
    "additionalStats": {},
    "description": "<p>Цей герой дуже худорлявий, низенький або ж і те, і друге. Його <strong>@UUID[Compendium.swade-core-rules.swade-rules.JournalEntry.swadecor03rules0.JournalEntryPage.03sizeandscale00]{розмір}</strong> менший на 1, що також знижує його @UUID[Compendium.swade-core-rules.swade-rules.swadecor01charac.JournalEntryPage.01characters0000]{стійкість}.</p><p>Розмір не може бути меншим ніж −1, але штраф до стійкості зберігається. Малий половинець, наприклад, матиме розмір −1, але втратить 1 очко стійкості.<br style=\"font-style:normal;font-variant:normal;font-weight:normal;letter-spacing:normal;line-height:normal;orphans:2;text-align:-webkit-auto;text-indent:0px;text-transform:none;white-space:normal;widows:2;word-spacing:0px;-webkit-text-size-adjust:auto;-webkit-text-stroke-width:0px\" /><br /></p>",
    "major": false,
    "notes": "",
    "swid": "small",
    "severity": "minor",
    "favorite": false,
    "grants": [],
    "choiceSets": []
  },
  "flags": {
    "sigil": {
      "completed": true
    }
  },
  "_stats": {
    "coreVersion": "13.347",
    "systemId": "swade",
    "systemVersion": "5.0.5",
    "createdTime": 1757009264201,
    "modifiedTime": 1757009264201,
    "lastModifiedBy": "TW8E9Ylq0NMu40vd",
    "exportSource": {
      "worldId": "testsavage",
      "uuid": "Item.1NFYIxXLjVyPUUxJ",
      "coreVersion": "13.347",
      "systemId": "swade",
      "systemVersion": "5.0.5"
    }
  }
}