{
  "effects": [
    {
      "_id": "zTYSjPjn5O1WpFLL",
      "changes": [
        {
          "key": "system.attributes.strength.die.modifier",
          "mode": 2,
          "value": "-1",
          "priority": null
        },
        {
          "key": "system.attributes.agility.die.modifier",
          "mode": 2,
          "value": "-1",
          "priority": null
        },
        {
          "key": "system.attributes.vigor.die.modifier",
          "mode": 2,
          "value": "-1",
          "priority": null
        },
        {
          "key": "system.pace",
          "mode": 2,
          "value": "-1",
          "priority": null
        },
        {
          "key": "system.pace.running.mod",
          "mode": 2,
          "value": "-1",
          "priority": null
        }
      ],
      "disabled": false,
      "duration": {
        "startTime": null,
        "seconds": null,
        "combat": null,
        "rounds": null,
        "turns": null,
        "startRound": null,
        "startTurn": null
      },
      "flags": {
        "sigil": {
          "completed": true
        }
      },
      "name": "Старий",
      "tint": "#ffffff",
      "transfer": true,
      "description": "",
      "origin": null,
      "statuses": [],
      "_stats": {
        "coreVersion": "13.347",
        "systemId": "swade",
        "systemVersion": "5.0.5",
        "lastModifiedBy": null
      },
      "img": "modules/swade-core-rules/assets/hindrance/%D1%81%D1%82%D0%B0%D1%80%D0%B8%D0%B9.webp",
      "type": "base",
      "system": {
        "expiration": null,
        "removeEffect": false,
        "loseTurnOnHold": false,
        "favorite": false,
        "conditionalEffect": false
      },
      "sort": 0
    }
  ],
  "folder": "BbRhY7uUKmBd6u6P",
  "img": "modules/swade-core-rules/assets/hindrance/%D1%81%D1%82%D0%B0%D1%80%D0%B8%D0%B9.webp",
  "name": "Старий",
  "type": "hindrance",
  "system": {
    "source": "SWADE Core Rules UA",
    "additionalStats": {},
    "description": "<p>Цей персонаж вже давно в літах, але ще не готовий сидіти в домі для літніх осіб. Його @UUID[Compendium.swade-core-rules.swade-rules.swadecor03rules0.JournalEntryPage.03movement000000]{темп} сповільнено на 1 і він повинен віднімати 1 від результату @UUID[Compendium.swade-core-rules.swade-rules.swadecor03rules0.JournalEntryPage.03movement000000]{кидків на біг} (мін. до 1). Також він отримує штраф −1 до @UUID[Compendium.swade-core-rules.swade-rules.swadecor01charac.JournalEntryPage.01traits00000000]{спритності}, @UUID[Compendium.swade-core-rules.swade-rules.swadecor01charac.JournalEntryPage.01traits00000000]{моці} (зокрема, до ушкоджень) та до перевірок @UUID[Compendium.swade-core-rules.swade-rules.swadecor01charac.JournalEntryPage.01traits00000000]{витримки} (але не до пов’язаних @UUID[Compendium.swade-core-rules.swade-rules.swadecor01charac.JournalEntryPage.01traits00000000]{навичок}).</p><p>Однак стареча мудрість дає герою 5 додаткових @UUID[Compendium.swade-core-rules.swade-rules.swadecor01charac.JournalEntryPage.01characters0000]{очок навичок}, які можна розподілити між будь-якими навичками, пов’язаними з @UUID[Compendium.swade-core-rules.swade-rules.swadecor01charac.JournalEntryPage.01traits00000000]{кмітливістю}.</p>",
    "major": true,
    "notes": "",
    "swid": "elderly",
    "severity": "major",
    "favorite": false,
    "grants": [],
    "choiceSets": []
  },
  "flags": {
    "sigil": {
      "completed": true
    }
  },
  "_stats": {
    "coreVersion": "13.347",
    "systemId": "swade",
    "systemVersion": "5.0.5",
    "createdTime": 1757009264201,
    "modifiedTime": 1757009264201,
    "lastModifiedBy": "TW8E9Ylq0NMu40vd",
    "exportSource": {
      "worldId": "testsavage",
      "uuid": "Item.cgrXu6s8zMxRwUog",
      "coreVersion": "13.347",
      "systemId": "swade",
      "systemVersion": "5.0.5"
    }
  }
}