{
  "effects": [
    {
      "name": "Потворний (дрібний)",
      "changes": [
        {
          "key": "@Skill{Persuasion}[system.die.modifier]",
          "mode": 2,
          "value": "-1",
          "priority": null
        }
      ],
      "_id": "6xJV6ijIg6fFuoyS",
      "disabled": true,
      "flags": {
        "swade": {},
        "sigil": {
          "completed": true
        }
      },
      "description": "<p>У цьому світі @Compendium[swade-core-rules.swade-edges.Привабливий]{привабливі} отримують усе. Проте вашому персонажу не пощастило. Він віднімає 1 від @UUID[Compendium.swade-core-rules.swade-rules.swadecor03rules0.JournalEntryPage.03traitrolls0000]{кидків} на @Compendium[swade-core-rules.swade-skills.Переконливість]{переконливість}.</p>",
      "duration": {
        "startTime": null,
        "seconds": null,
        "combat": null,
        "rounds": null,
        "turns": null,
        "startRound": null,
        "startTurn": null
      },
      "origin": null,
      "transfer": true,
      "statuses": [],
      "_stats": {
        "coreVersion": "13.347",
        "systemId": "swade",
        "systemVersion": "5.0.5",
        "lastModifiedBy": null
      },
      "img": "modules/swade-core-rules/assets/hindrance/%D0%BF%D0%BE%D1%82%D0%B2%D0%BE%D1%80%D0%BD%D0%B8%D0%B9.webp",
      "type": "base",
      "system": {
        "expiration": null,
        "conditionalEffect": false,
        "removeEffect": false,
        "loseTurnOnHold": false,
        "favorite": false
      },
      "tint": "#ffffff",
      "sort": 0
    },
    {
      "name": "Потворний (великий)",
      "changes": [
        {
          "key": "@Skill{Persuasion}[system.die.modifier]",
          "mode": 2,
          "value": "-2",
          "priority": null
        }
      ],
      "_id": "6xJV6hjIg6fFuoyS",
      "disabled": true,
      "flags": {
        "swade": {},
        "sigil": {
          "completed": true
        }
      },
      "description": "<p>У цьому світі @Compendium[swade-core-rules.swade-edges.Привабливий]{привабливі} отримують усе. Проте вашому персонажу не пощастило. Він віднімає 2 від @UUID[Compendium.swade-core-rules.swade-rules.swadecor03rules0.JournalEntryPage.03traitrolls0000]{кидків} на @Compendium[swade-core-rules.swade-skills.Переконливість]{переконливість}.</p>",
      "duration": {
        "startTime": null,
        "seconds": null,
        "combat": null,
        "rounds": null,
        "turns": null,
        "startRound": null,
        "startTurn": null
      },
      "origin": null,
      "transfer": true,
      "statuses": [],
      "_stats": {
        "coreVersion": "13.347",
        "systemId": "swade",
        "systemVersion": "5.0.5",
        "lastModifiedBy": null
      },
      "img": "modules/swade-core-rules/assets/hindrance/%D0%BF%D0%BE%D1%82%D0%B2%D0%BE%D1%80%D0%BD%D0%B8%D0%B9.webp",
      "type": "base",
      "system": {
        "expiration": null,
        "conditionalEffect": false,
        "removeEffect": false,
        "loseTurnOnHold": false,
        "favorite": false
      },
      "tint": "#ffffff",
      "sort": 0
    }
  ],
  "folder": "BbRhY7uUKmBd6u6P",
  "img": "modules/swade-core-rules/assets/hindrance/%D0%BF%D0%BE%D1%82%D0%B2%D0%BE%D1%80%D0%BD%D0%B8%D0%B9.webp",
  "name": "Потворний",
  "type": "hindrance",
  "system": {
    "source": "SWADE Core Rules UA",
    "additionalStats": {},
    "description": "<p>(ДРІБНИЙ АБО ВЕЛИКИЙ)</p><p>У цьому світі @Compendium[swade-core-rules.swade-edges.Привабливий]{привабливі} отримують усе. Проте вашому персонажу не пощастило. Він віднімає 1 від @UUID[Compendium.swade-core-rules.swade-rules.swadecor03rules0.JournalEntryPage.03traitrolls0000]{кидків} на @Compendium[swade-core-rules.swade-skills.Переконливість]{переконливість}, або 2, якщо це великий @UUID[Compendium.swade-core-rules.swade-rules.swadecor01charac.JournalEntryPage.01hindrances0000]{недолік}.</p>",
    "major": false,
    "notes": "",
    "swid": "ugly",
    "favorite": false,
    "grants": [],
    "choiceSets": [],
    "severity": "either"
  },
  "flags": {
    "sigil": {
      "completed": true
    }
  },
  "_stats": {
    "coreVersion": "13.347",
    "systemId": "swade",
    "systemVersion": "5.0.5",
    "createdTime": 1757009264201,
    "modifiedTime": 1757009264201,
    "lastModifiedBy": "TW8E9Ylq0NMu40vd",
    "exportSource": {
      "worldId": "testsavage",
      "uuid": "Item.cgKdIeU474Fy2LFh",
      "coreVersion": "13.347",
      "systemId": "swade",
      "systemVersion": "5.0.5"
    }
  }
}