{
  "effects": [
    {
      "name": "Недоріка",
      "changes": [
        {
          "key": "@Skill{Persuasion}[system.die.modifier]",
          "mode": 2,
          "value": "-1",
          "priority": null
        },
        {
          "key": "@Skill{Performance}[system.die.modifier]",
          "mode": 2,
          "value": "-1",
          "priority": null
        },
        {
          "key": "@Skill{Intimidation}[system.die.modifier]",
          "mode": 2,
          "value": "-1",
          "priority": null
        },
        {
          "key": "@Skill{Taunt}[system.die.modifier]",
          "mode": 2,
          "value": "-1",
          "priority": null
        }
      ],
      "flags": {
        "swade": {},
        "sigil": {
          "completed": true
        }
      },
      "_id": "6xJV6ijIg6fFuoyS",
      "disabled": true,
      "description": "",
      "duration": {
        "startTime": null,
        "seconds": null,
        "combat": null,
        "rounds": null,
        "turns": null,
        "startRound": null,
        "startTurn": null
      },
      "origin": null,
      "transfer": true,
      "statuses": [],
      "_stats": {
        "coreVersion": "13.347",
        "systemId": "swade",
        "systemVersion": "5.0.5",
        "lastModifiedBy": null
      },
      "img": "modules/swade-core-rules/assets/hindrance/%D0%BD%D0%B5%D0%B4%D0%BE%D1%80%D1%96%D0%BA%D0%B0.webp",
      "type": "base",
      "system": {
        "expiration": null,
        "conditionalEffect": false,
        "removeEffect": false,
        "loseTurnOnHold": false,
        "favorite": false
      },
      "tint": "#ffffff",
      "sort": 0
    }
  ],
  "folder": "BbRhY7uUKmBd6u6P",
  "img": "modules/swade-core-rules/assets/hindrance/%D0%BD%D0%B5%D0%B4%D0%BE%D1%80%D1%96%D0%BA%D0%B0.webp",
  "name": "Недоріка",
  "type": "hindrance",
  "system": {
    "source": "SWADE Core Rules UA",
    "additionalStats": {},
    "description": "<p>Ваш герой партачить круті фрази (або вигадує їх надто пізно!), не може дібрати аргументів, переконуючи когось, та й узагалі не вміє донести свою думку.</p><p>Він має @UUID[Compendium.swade-core-rules.swade-rules.swadecor03rules0.JournalEntryPage.03traitrolls0000]{штраф} −1 до кидків на @Compendium[swade-core-rules.swade-skills.Залякування]{залякування}, @Compendium[swade-core-rules.swade-skills.Артистичність]{артистичність}, @Compendium[swade-core-rules.swade-skills.Переконливість]{переконливість} та @Compendium[swade-core-rules.swade-skills.Провокація]{провокацію}, яка задіює мову.</p>",
    "major": true,
    "notes": "",
    "swid": "tongue-tied",
    "severity": "major",
    "favorite": false,
    "grants": [],
    "choiceSets": []
  },
  "flags": {
    "sigil": {
      "completed": true
    }
  },
  "_stats": {
    "coreVersion": "13.347",
    "systemId": "swade",
    "systemVersion": "5.0.5",
    "createdTime": 1757009264201,
    "modifiedTime": 1757009264201,
    "lastModifiedBy": "TW8E9Ylq0NMu40vd",
    "exportSource": {
      "worldId": "testsavage",
      "uuid": "Item.KRAbnwbi2ayRkiMS",
      "coreVersion": "13.347",
      "systemId": "swade",
      "systemVersion": "5.0.5"
    }
  }
}