{
  "effects": [],
  "folder": "BbRhY7uUKmBd6u6P",
  "img": "modules/swade-core-rules/assets/hindrance/%D1%82%D0%B0%D1%94%D0%BC%D0%BD%D0%B8%D1%86%D1%8F.webp",
  "name": "Таємниця",
  "type": "hindrance",
  "system": {
    "source": "SWADE Core Rules UA",
    "additionalStats": {},
    "description": "<p>(ДРІБНИЙ АБО ВЕЛИКИЙ)</p><p>Ваш герой тримає щось у таємниці, щоб захистити себе чи інших. У разі дрібного @UUID[Compendium.swade-core-rules.swade-rules.swadecor01charac.JournalEntryPage.01hindrances0000]{недоліку} таємниця становить проблему, але не загрожує життю.</p><p>Велика таємниця має серйозні наслідки в разі викриття. Якщо про таємницю стає відомо, недолік слід замінити на @Compendium[swade-core-rules.swade-hindrances.Запеклий ворог]{«Запеклий ворог»}, @Compendium[swade-core-rules.swade-hindrances.Тіні минулого]{«Тіні минулого»}, @Compendium[swade-core-rules.swade-hindrances.У розшуку]{«У розшуку»} чи будь-який інший, дозволений ІМ.</p>",
    "major": false,
    "notes": "",
    "swid": "secret",
    "favorite": false,
    "grants": [],
    "choiceSets": [],
    "severity": "either"
  },
  "flags": {
    "sigil": {
      "completed": true
    }
  },
  "_stats": {
    "coreVersion": "13.347",
    "systemId": "swade",
    "systemVersion": "5.0.5",
    "createdTime": 1757009264201,
    "modifiedTime": 1757009264201,
    "lastModifiedBy": "TW8E9Ylq0NMu40vd",
    "exportSource": {
      "worldId": "testsavage",
      "uuid": "Item.cbp6V35gEbPkOxj2",
      "coreVersion": "13.347",
      "systemId": "swade",
      "systemVersion": "5.0.5"
    }
  }
}