{
  "effects": [],
  "folder": "BbRhY7uUKmBd6u6P",
  "img": "modules/swade-core-rules/assets/hindrance/%D0%B1%D0%BB%D0%B0%D0%B3%D0%BE%D0%B4%D1%96%D0%B9%D0%BD%D0%B8%D0%BA.webp",
  "name": "Благодійник",
  "type": "hindrance",
  "system": {
    "source": "SWADE Core Rules UA",
    "additionalStats": {},
    "description": "<p>Ця добра душа не може відмовити нужденним. Такий персонаж завжди прийде на допомогу — хай і не завжди з радістю — тим, хто, на його думку, не може дати раду сам. Він першим увійде в будівлю, охоплену полум’ям, погодиться вполювати чудовисько за мізерну плату, а за сльозливу історію взагалі зробить все безплатно.</p>",
    "major": true,
    "notes": "",
    "swid": "heroic",
    "severity": "major",
    "favorite": false,
    "grants": [],
    "choiceSets": []
  },
  "flags": {
    "sigil": {
      "completed": true
    }
  },
  "_stats": {
    "coreVersion": "13.347",
    "systemId": "swade",
    "systemVersion": "5.0.5",
    "createdTime": 1757009264201,
    "modifiedTime": 1757009264201,
    "lastModifiedBy": "TW8E9Ylq0NMu40vd",
    "exportSource": {
      "worldId": "testsavage",
      "uuid": "Item.gq0nppr2NEKEDw2y",
      "coreVersion": "13.347",
      "systemId": "swade",
      "systemVersion": "5.0.5"
    }
  }
}