{
  "effects": [],
  "folder": "BbRhY7uUKmBd6u6P",
  "img": "modules/swade-core-rules/assets/hindrance/%D0%B2%D0%BC%D0%BE%D1%82%D0%B8%D0%B2%D0%BE%D0%B2%D0%B0%D0%BD%D0%B8%D0%B9.webp",
  "name": "Вмотивований",
  "type": "hindrance",
  "system": {
    "source": "SWADE Core Rules UA",
    "additionalStats": {},
    "description": "<p>(ДРІБНИЙ АБО ВЕЛИКИЙ)</p><p>Клятва — це зобов’язання перед іншими. А вмотивовані персонажі хочуть чогось для себе. Стати захисником держави, отримати відзнаку, здобути звання найкращого гладіатора Риму чи найкращого пілота галактичного флоту.</p><p>@UUID[Compendium.swade-core-rules.swade-rules.swadecor01charac.JournalEntryPage.01characters0000]{Дрібний} недолік впливає на персонажа та його рішення, проте стається це або нечасто, або не має важких наслідків. Натомість @UUID[Compendium.swade-core-rules.swade-rules.swadecor01charac.JournalEntryPage.01characters0000]{великий} @UUID[Compendium.swade-core-rules.swade-rules.swadecor01charac.JournalEntryPage.01hindrances0000]{недолік} передбачає непереборне бажання, яке зринає часто й несе загрозу гравцю та персонажам довкола.</p>",
    "major": false,
    "notes": "",
    "swid": "driven",
    "favorite": false,
    "grants": [],
    "choiceSets": [],
    "severity": "either"
  },
  "flags": {
    "sigil": {
      "completed": true
    }
  },
  "_stats": {
    "coreVersion": "13.347",
    "systemId": "swade",
    "systemVersion": "5.0.5",
    "createdTime": 1757009264201,
    "modifiedTime": 1757009264201,
    "lastModifiedBy": "TW8E9Ylq0NMu40vd",
    "exportSource": {
      "worldId": "testsavage",
      "uuid": "Item.GiZM1puRY923k29v",
      "coreVersion": "13.347",
      "systemId": "swade",
      "systemVersion": "5.0.5"
    }
  }
}