{
  "effects": [
    {
      "_id": "qco7WaIGiyhFSZlM",
      "changes": [
        {
          "key": "@Skill{Athletics}[system.die.modifier]",
          "mode": 2,
          "value": "-2",
          "priority": null
        }
      ],
      "disabled": false,
      "duration": {
        "startTime": null,
        "seconds": null,
        "combat": null,
        "rounds": null,
        "turns": null,
        "startRound": null,
        "startTurn": null
      },
      "name": "Не вміє плавати",
      "tint": "#ffffff",
      "transfer": true,
      "flags": {
        "swade": {},
        "sigil": {
          "completed": true
        }
      },
      "description": "",
      "origin": null,
      "statuses": [],
      "_stats": {
        "coreVersion": "13.347",
        "systemId": "swade",
        "systemVersion": "5.0.5",
        "lastModifiedBy": null
      },
      "img": "modules/swade-core-rules/assets/hindrance/%D0%BD%D0%B5%20%D0%BF%D0%BB%D0%B0%D0%B2%D0%B0%D1%94.webp",
      "type": "base",
      "system": {
        "expiration": null,
        "conditionalEffect": true,
        "removeEffect": false,
        "loseTurnOnHold": false,
        "favorite": false
      },
      "sort": 0
    }
  ],
  "folder": "BbRhY7uUKmBd6u6P",
  "img": "modules/swade-core-rules/assets/hindrance/%D0%BD%D0%B5%20%D0%BF%D0%BB%D0%B0%D0%B2%D0%B0%D1%94.webp",
  "name": "Не вміє плавати",
  "type": "hindrance",
  "system": {
    "source": "SWADE Core Rules UA",
    "additionalStats": {},
    "description": "<p>У ХХІ столітті більшість людей вміють плавати завдяки басейнам, легкодоступним озерам і пляжам чи загальній освіті. Проте історично ті, хто не мав таких можливостей, плавати не вміли.</p><p>Під час плавання @UUID[Compendium.swade-core-rules.swade-rules.swadecor01charac.JournalEntryPage.01characters0000]{персонажі} з цим @UUID[Compendium.swade-core-rules.swade-rules.swadecor01charac.JournalEntryPage.01hindrances0000]{недоліком} отримують штраф −2 до навички @Compendium[swade-core-rules.swade-skills.Атлетизм]{атлетизму}, і кожен дюйм переміщення у воді коштує 3 дюйми @UUID[Compendium.swade-core-rules.swade-rules.swadecor03rules0.JournalEntryPage.03movement000000]{темпу}. Докладніше див. <strong>@UUID[Compendium.swade-core-rules.swade-rules.swadecor03rules0.JournalEntryPage.03movement000000]{«Переміщення»}</strong> та <strong>@UUID[Compendium.swade-core-rules.swade-rules.swadecor04theadv.JournalEntryPage.04drowning000000]{«Утоплення»}</strong>.</p>",
    "major": false,
    "notes": "",
    "swid": "cant-swim",
    "severity": "minor",
    "favorite": false,
    "grants": [],
    "choiceSets": []
  },
  "flags": {
    "sigil": {
      "completed": true
    }
  },
  "_stats": {
    "coreVersion": "13.347",
    "systemId": "swade",
    "systemVersion": "5.0.5",
    "createdTime": 1757009264201,
    "modifiedTime": 1757009264201,
    "lastModifiedBy": "TW8E9Ylq0NMu40vd",
    "exportSource": {
      "worldId": "testsavage",
      "uuid": "Item.SN9wpZHz7aOdKCpB",
      "coreVersion": "13.347",
      "systemId": "swade",
      "systemVersion": "5.0.5"
    }
  }
}