{
  "effects": [],
  "folder": "BbRhY7uUKmBd6u6P",
  "img": "modules/swade-core-rules/assets/hindrance/%D0%B7%D0%B0%D1%80%D0%BE%D0%B7%D1%83%D0%BC%D1%96%D0%BB%D0%B8%D0%B9.webp",
  "name": "Зарозумілий",
  "type": "hindrance",
  "system": {
    "source": "SWADE Core Rules UA",
    "additionalStats": {},
    "description": "<p>Ваш герой не має сумнівів у тому, що він найкращий. Фехтування, кунг-фу, живопис — хай би про що йшлося, з ним ніхто не зрівняється, і він хизуватиметься цим за кожної нагоди.</p><p>Такому бійцю мало просто перемогти. Він хоче домінувати над своїм суперником і довести, що кращий за всіх. Він — той боєць, який на дуелі роззброює противника лише для того, щоб зі зверхньою посмішкою повернути йому меч. Зарозумілі особи шукають в бою найбільшої загрози, вирізаючи дрібних ворогів лише тому, що ті трапилися на шляху.</p>",
    "major": true,
    "notes": "",
    "swid": "arrogant",
    "severity": "major",
    "favorite": false,
    "grants": [],
    "choiceSets": []
  },
  "flags": {
    "sigil": {
      "completed": true
    }
  },
  "_stats": {
    "coreVersion": "13.347",
    "systemId": "swade",
    "systemVersion": "5.0.5",
    "createdTime": 1757009264201,
    "modifiedTime": 1757009264201,
    "lastModifiedBy": "TW8E9Ylq0NMu40vd",
    "exportSource": {
      "worldId": "testsavage",
      "uuid": "Item.Ij7M2X5xk1ai3oxR",
      "coreVersion": "13.347",
      "systemId": "swade",
      "systemVersion": "5.0.5"
    }
  }
}