{
  "effects": [],
  "folder": "BbRhY7uUKmBd6u6P",
  "img": "modules/swade-core-rules/assets/hindrance/%D0%B3%D0%B5%D1%80%D0%BE%D1%97%D1%87%D0%BD%D0%B0%D1%81%D0%BC%D0%B5%D1%80%D1%82%D1%8C.webp",
  "name": "Героїчна смерть",
  "type": "hindrance",
  "system": {
    "source": "SWADE Core Rules UA",
    "additionalStats": {},
    "description": "<p>Героїчна смерть не означає, що ваш пригодник схильний до самогубства — він просто вважає, що якась шляхетна, але смертельно небезпечна мета цінніша за його життя.</p><p>Персонажі з недоліком «Героїчна смерть» не віддадуть своє життя даремно, але вони зроблять що завгодно, підуть на будь-який ризик, аби досягти мети.</p>",
    "major": false,
    "notes": "",
    "swid": "death-wish",
    "severity": "minor",
    "favorite": false,
    "grants": [],
    "choiceSets": []
  },
  "flags": {
    "sigil": {
      "completed": true
    }
  },
  "_stats": {
    "coreVersion": "13.347",
    "systemId": "swade",
    "systemVersion": "5.0.5",
    "createdTime": 1757009264201,
    "modifiedTime": 1757009264201,
    "lastModifiedBy": "TW8E9Ylq0NMu40vd",
    "exportSource": {
      "worldId": "testsavage",
      "uuid": "Item.Sxbix2xSDyWxwxdB",
      "coreVersion": "13.347",
      "systemId": "swade",
      "systemVersion": "5.0.5"
    }
  }
}