{
  "effects": [],
  "folder": "BbRhY7uUKmBd6u6P",
  "img": "modules/swade-core-rules/assets/hindrance/%D0%B7%D0%B0%D0%B7%D0%B4%D1%80%D1%96%D1%81%D0%BD%D0%B8%D0%B9.webp",
  "name": "Заздрісний",
  "type": "hindrance",
  "system": {
    "source": "SWADE Core Rules UA",
    "additionalStats": {},
    "description": "<p>(ДРІБНИЙ АБО ВЕЛИКИЙ)</p><p>Через невпевненість ця роз’ятрена душа заздрить досягненням інших або страшенно одержима речами, які вважає своїми. Такий персонаж часто скаржиться, ображається, жадає чужого, привласнює заслуги інших, не кориться наказам та й загалом створює проблеми.</p><p>Дрібний @UUID[Compendium.swade-core-rules.swade-rules.swadecor01charac.JournalEntryPage.01hindrances0000]{недолік} означає заздрість персонажа чомусь одному (наприклад, ліпшим навичкам пілотування чи успіхам у любовному житті).</p><p>Персонаж з великим @UUID[Compendium.swade-core-rules.swade-rules.swadecor01charac.JournalEntryPage.01hindrances0000]{недоліком} заздрить усім, кого вважає хоч трохи кращими за себе. Він постійно обливає брудом своїх суперників, перебільшує власну вагу або плете змови проти них.</p>",
    "major": false,
    "notes": "",
    "swid": "jealous",
    "severity": "either",
    "favorite": false,
    "grants": [],
    "choiceSets": []
  },
  "flags": {
    "sigil": {
      "completed": true
    }
  },
  "_stats": {
    "coreVersion": "13.347",
    "systemId": "swade",
    "systemVersion": "5.0.5",
    "createdTime": 1757009264201,
    "modifiedTime": 1757009264201,
    "lastModifiedBy": "TW8E9Ylq0NMu40vd",
    "exportSource": {
      "worldId": "testsavage",
      "uuid": "Item.TPcH1KBrAWmzRKHb",
      "coreVersion": "13.347",
      "systemId": "swade",
      "systemVersion": "5.0.5"
    }
  }
}