{
  "effects": [],
  "folder": "BbRhY7uUKmBd6u6P",
  "img": "modules/swade-core-rules/assets/hindrance/%D0%B1%D0%B5%D0%B7%D0%B6%D0%B0%D0%BB%D1%8C%D0%BD%D0%B8%D0%B9.webp",
  "name": "Безжальний",
  "type": "hindrance",
  "system": {
    "source": "SWADE Core Rules UA",
    "additionalStats": {},
    "description": "<p>(ДРІБНИЙ АБО ВЕЛИКИЙ)</p><p>Фанатик здатен на все заради досягнення мети. У разі @UUID[Compendium.swade-core-rules.swade-rules.swadecor01charac.JournalEntryPage.01characters0000]{великого} @UUID[Compendium.swade-core-rules.swade-rules.swadecor01charac.JournalEntryPage.01hindrances0000]{недоліку} він не шкодуватиме нікого, хто опиниться на шляху. У разі @UUID[Compendium.swade-core-rules.swade-rules.swadecor01charac.JournalEntryPage.01characters0000]{малого} — не шкодуватиме тих, хто відкрито йому протистоїть.</p>",
    "major": false,
    "notes": "",
    "swid": "ruthless",
    "favorite": false,
    "grants": [],
    "choiceSets": [],
    "severity": "either"
  },
  "flags": {
    "sigil": {
      "completed": true
    }
  },
  "_stats": {
    "coreVersion": "13.347",
    "systemId": "swade",
    "systemVersion": "5.0.5",
    "createdTime": 1757009264201,
    "modifiedTime": 1757009264201,
    "lastModifiedBy": "TW8E9Ylq0NMu40vd",
    "exportSource": {
      "worldId": "testsavage",
      "uuid": "Item.O7dLbvOPW9W4QtrQ",
      "coreVersion": "13.347",
      "systemId": "swade",
      "systemVersion": "5.0.5"
    }
  }
}