{
  "effects": [
    {
      "name": "Поганий зір (дрібний)",
      "changes": [
        {
          "key": "@Skill{Notice}[system.die.modifier]",
          "mode": 2,
          "value": "-1",
          "priority": null
        },
        {
          "key": "system.stats.globalMods.attack",
          "mode": 2,
          "value": "-1",
          "priority": null
        }
      ],
      "_id": "i6HdHYHtjqXOGBqZ",
      "disabled": true,
      "flags": {
        "swade": {},
        "sigil": {
          "completed": true
        }
      },
      "description": "<p>Очі вашого героя вже не ті, що колись. Він отримує штраф −1 до усіх @UUID[Compendium.swade-core-rules.swade-rules.JournalEntry.swadecor03rules0.JournalEntryPage.03traitrolls0000#trait-rolls]{перевірок рис}, що залежать від зору (як-от кидки на атаку дальнього бою й @Compendium[swade-core-rules.swade-skills.Уважність]{уважність}).</p><p>Якщо в сценарії доступні окуляри, то вони нівелюють штраф, коли персонаж їх носить. Якщо їх втрачено чи розбито під час бою (загалом шанс 50%, коли героя @UUID[Compendium.swade-core-rules.swade-rules.swadecor03rules0.JournalEntryPage.03damageeffect00]{поранено}, він упав чи зазнав ще якоїсь травми), персонаж стає @UUID[Compendium.swade-core-rules.swade-rules.JournalEntry.swadecor03rules0.JournalEntryPage.03distractedan00]{розгубленим} (і @UUID[Compendium.swade-core-rules.swade-rules.JournalEntry.swadecor03rules0.JournalEntryPage.03distractedan00]{вразливим}, якщо недолік великий) до кінця свого наступного ходу.</p>",
      "duration": {
        "startTime": null,
        "seconds": null,
        "combat": null,
        "rounds": null,
        "turns": null,
        "startRound": null,
        "startTurn": null
      },
      "origin": null,
      "transfer": true,
      "statuses": [],
      "_stats": {
        "coreVersion": "13.347",
        "systemId": "swade",
        "systemVersion": "5.0.5",
        "lastModifiedBy": null
      },
      "img": "modules/swade-core-rules/assets/hindrance/%D0%BF%D0%BE%D0%B3%D0%B0%D0%BD%D0%B8%D0%B9%20%D0%B7%D1%96%D1%80.webp",
      "type": "base",
      "system": {
        "expiration": null,
        "conditionalEffect": true,
        "removeEffect": false,
        "loseTurnOnHold": false,
        "favorite": false
      },
      "tint": "#ffffff",
      "sort": 0
    },
    {
      "name": "Поганий зір (великий)",
      "changes": [
        {
          "key": "@Skill{Notice}[system.die.modifier]",
          "mode": 2,
          "value": "-2",
          "priority": null
        },
        {
          "key": "system.stats.globalMods.attack",
          "mode": 2,
          "value": "-2",
          "priority": null
        }
      ],
      "_id": "ag8GEXf4cSMQWElk",
      "disabled": true,
      "flags": {
        "swade": {},
        "sigil": {
          "completed": true
        }
      },
      "description": "<p>Очі вашого героя вже не ті, що колись. Він отримує штраф −2 до усіх @UUID[Compendium.swade-core-rules.swade-rules.JournalEntry.swadecor03rules0.JournalEntryPage.03traitrolls0000#trait-rolls]{перевірок рис}, що залежать від зору (як-от кидки на атаку дальнього бою й @Compendium[swade-core-rules.swade-skills.Уважність]{уважність}).</p><p>Якщо в сценарії доступні окуляри, то вони нівелюють штраф, коли персонаж їх носить. Якщо їх втрачено чи розбито під час бою (загалом шанс 50%, коли героя @UUID[Compendium.swade-core-rules.swade-rules.swadecor03rules0.JournalEntryPage.03damageeffect00]{поранено}, він упав чи зазнав ще якоїсь травми), персонаж стає @UUID[Compendium.swade-core-rules.swade-rules.JournalEntry.swadecor03rules0.JournalEntryPage.03distractedan00]{розгубленим} (і @UUID[Compendium.swade-core-rules.swade-rules.JournalEntry.swadecor03rules0.JournalEntryPage.03distractedan00]{вразливим}, якщо недолік великий) до кінця свого наступного ходу.</p>",
      "duration": {
        "startTime": null,
        "seconds": null,
        "combat": null,
        "rounds": null,
        "turns": null,
        "startRound": null,
        "startTurn": null
      },
      "origin": null,
      "transfer": true,
      "statuses": [],
      "_stats": {
        "coreVersion": "13.347",
        "systemId": "swade",
        "systemVersion": "5.0.5",
        "lastModifiedBy": null
      },
      "img": "modules/swade-core-rules/assets/hindrance/%D0%BF%D0%BE%D0%B3%D0%B0%D0%BD%D0%B8%D0%B9%20%D0%B7%D1%96%D1%80.webp",
      "type": "base",
      "system": {
        "expiration": null,
        "conditionalEffect": true,
        "removeEffect": false,
        "loseTurnOnHold": false,
        "favorite": false
      },
      "tint": "#ffffff",
      "sort": 0
    }
  ],
  "folder": "BbRhY7uUKmBd6u6P",
  "img": "modules/swade-core-rules/assets/hindrance/%D0%BF%D0%BE%D0%B3%D0%B0%D0%BD%D0%B8%D0%B9%20%D0%B7%D1%96%D1%80.webp",
  "name": "Поганий зір",
  "type": "hindrance",
  "system": {
    "source": "SWADE Core Rules UA",
    "additionalStats": {},
    "description": "<p>(ДРІБНИЙ АБО ВЕЛИКИЙ)</p><p>Очі вашого героя вже не ті, що колись. Він отримує штраф −1 (−2, якщо @UUID[Compendium.swade-core-rules.swade-rules.swadecor01charac.JournalEntryPage.01hindrances0000]{недолік} великий) до усіх @UUID[Compendium.swade-core-rules.swade-rules.JournalEntry.swadecor03rules0.JournalEntryPage.03traitrolls0000#trait-rolls]{перевірок рис}, що залежать від зору (як-от кидки на атаку дальнього бою й @Compendium[swade-core-rules.swade-skills.Уважність]{уважність}).</p><p>Якщо в сценарії доступні окуляри, то вони нівелюють штраф, коли персонаж їх носить. Якщо їх втрачено чи розбито під час бою (загалом шанс 50%, коли героя @UUID[Compendium.swade-core-rules.swade-rules.swadecor03rules0.JournalEntryPage.03damageeffect00]{поранено}, він упав чи зазнав ще якоїсь травми), персонаж стає @UUID[Compendium.swade-core-rules.swade-rules.JournalEntry.swadecor03rules0.JournalEntryPage.03distractedan00]{розгубленим} (і @UUID[Compendium.swade-core-rules.swade-rules.JournalEntry.swadecor03rules0.JournalEntryPage.03distractedan00]{вразливим}, якщо недолік великий) до кінця свого наступного ходу.</p>",
    "major": false,
    "notes": "",
    "swid": "bad-eyes",
    "severity": "either",
    "favorite": false,
    "grants": [],
    "choiceSets": []
  },
  "flags": {
    "sigil": {
      "completed": true
    }
  },
  "_stats": {
    "coreVersion": "13.347",
    "systemId": "swade",
    "systemVersion": "5.0.5",
    "createdTime": 1757009264201,
    "modifiedTime": 1757009264201,
    "lastModifiedBy": "TW8E9Ylq0NMu40vd",
    "exportSource": {
      "worldId": "testsavage",
      "uuid": "Item.qewwhoV3m3CV0c21",
      "coreVersion": "13.347",
      "systemId": "swade",
      "systemVersion": "5.0.5"
    }
  }
}