{
  "effects": [
    {
      "_id": "Ty8J9BtdGdP6IOKW",
      "changes": [
        {
          "key": "system.bennies.max",
          "mode": 2,
          "value": "-1",
          "priority": null
        }
      ],
      "disabled": false,
      "duration": {
        "startTime": null,
        "seconds": null,
        "combat": null,
        "rounds": null,
        "turns": null,
        "startRound": null,
        "startTurn": null
      },
      "flags": {
        "sigil": {
          "completed": true
        }
      },
      "name": "Невдаха",
      "tint": "#ffffff",
      "transfer": true,
      "description": "",
      "origin": null,
      "statuses": [],
      "_stats": {
        "coreVersion": "13.347",
        "systemId": "swade",
        "systemVersion": "5.0.5",
        "lastModifiedBy": null
      },
      "img": "modules/swade-core-rules/assets/hindrance/%D0%BD%D0%B5%D0%B2%D0%B4%D0%B0%D1%85%D0%B0.webp",
      "type": "base",
      "system": {
        "expiration": null,
        "removeEffect": false,
        "loseTurnOnHold": false,
        "favorite": false,
        "conditionalEffect": false
      },
      "sort": 0
    }
  ],
  "folder": "BbRhY7uUKmBd6u6P",
  "img": "modules/swade-core-rules/assets/hindrance/%D0%BD%D0%B5%D0%B2%D0%B4%D0%B0%D1%85%D0%B0.webp",
  "name": "Невдаха",
  "type": "hindrance",
  "system": {
    "source": "SWADE Core Rules UA",
    "additionalStats": {},
    "description": "<p>Вашому герою щастить трохи менше за інших. На ігрову сесію він отримує на один @UUID[Compendium.swade-core-rules.swade-rules.swadecor03rules0.JournalEntryPage.03bennies0000000]{талан} менше ніж інші. Персонаж-невдаха не може мати перевагу @Compendium[swade-core-rules.swade-edges.Щасливець]{«Щасливець»}.</p>",
    "major": true,
    "notes": "",
    "swid": "bad-luck",
    "severity": "major",
    "favorite": false,
    "grants": [],
    "choiceSets": []
  },
  "flags": {
    "sigil": {
      "completed": true
    }
  },
  "_stats": {
    "coreVersion": "13.347",
    "systemId": "swade",
    "systemVersion": "5.0.5",
    "createdTime": 1757009264201,
    "modifiedTime": 1757009264201,
    "lastModifiedBy": "TW8E9Ylq0NMu40vd",
    "exportSource": {
      "worldId": "testsavage",
      "uuid": "Item.QLAROQMVBQaxCM4q",
      "coreVersion": "13.347",
      "systemId": "swade",
      "systemVersion": "5.0.5"
    }
  }
}