{
  "effects": [],
  "folder": "BbRhY7uUKmBd6u6P",
  "img": "modules/swade-core-rules/assets/hindrance/%D0%A1%D0%BB%D1%96%D0%BF%D0%B8%D0%B9.webp",
  "name": "Сліпий",
  "type": "hindrance",
  "system": {
    "source": "SWADE Core Rules UA",
    "additionalStats": {},
    "description": "<p>Цей персонаж зовсім нічого не бачить. Він отримує штраф −6 до всіх фізичних дій, що потребують зору (на розсуд ІМ). Натомість сліпі персонажі можуть вибрати одну безкоштовну @UUID[Compendium.swade-core-rules.swade-rules.swadecor01charac.JournalEntryPage.01edges000000000]{перевагу}, щоб трохи компенсувати цей особливо великий @UUID[Compendium.swade-core-rules.swade-rules.swadecor01charac.JournalEntryPage.01hindrances0000]{недолік}.</p>",
    "major": true,
    "notes": "",
    "swid": "blind",
    "severity": "major",
    "favorite": false,
    "grants": [],
    "choiceSets": []
  },
  "flags": {
    "sigil": {
      "completed": true
    }
  },
  "_stats": {
    "coreVersion": "13.347",
    "systemId": "swade",
    "systemVersion": "5.0.5",
    "createdTime": 1757009264201,
    "modifiedTime": 1757009264201,
    "lastModifiedBy": "TW8E9Ylq0NMu40vd",
    "exportSource": {
      "worldId": "testsavage",
      "uuid": "Item.6JQGOwz8OrGf4VMX",
      "coreVersion": "13.347",
      "systemId": "swade",
      "systemVersion": "5.0.5"
    }
  }
}