{
  "effects": [
    {
      "_id": "n4MZb733hAoLQdWg",
      "changes": [
        {
          "key": "@Skill{Persuasion}[system.die.modifier]",
          "mode": 2,
          "value": "-2",
          "priority": null
        }
      ],
      "disabled": false,
      "duration": {
        "startTime": null,
        "seconds": null,
        "combat": null,
        "rounds": null,
        "turns": null,
        "startRound": null,
        "startTurn": null
      },
      "name": "Чужий",
      "tint": "#ffffff",
      "transfer": true,
      "flags": {
        "swade": {},
        "sigil": {
          "completed": true
        }
      },
      "description": "",
      "origin": null,
      "statuses": [],
      "_stats": {
        "coreVersion": "13.347",
        "systemId": "swade",
        "systemVersion": "5.0.5",
        "lastModifiedBy": null
      },
      "img": "modules/swade-core-rules/assets/hindrance/%D1%87%D1%83%D0%B6%D0%B8%D0%B9.webp",
      "type": "base",
      "system": {
        "expiration": null,
        "conditionalEffect": true,
        "removeEffect": false,
        "loseTurnOnHold": false,
        "favorite": false
      },
      "sort": 0
    }
  ],
  "folder": "BbRhY7uUKmBd6u6P",
  "img": "modules/swade-core-rules/assets/hindrance/%D1%87%D1%83%D0%B6%D0%B8%D0%B9.webp",
  "name": "Чужий",
  "type": "hindrance",
  "system": {
    "source": "SWADE Core Rules UA",
    "additionalStats": {},
    "description": "<p>(ДРІБНИЙ АБО ВЕЛИКИЙ)</p><p>Герой не вписується в середовище. Це, наприклад, корінний американець у містечку білих поселенців, прибулець у науково-фантастичній грі про морпіхів чи напіворк у гурті ельфів, гномів та людей. Місцеві можуть продавати йому товари втридорога, відмовляти в допомозі й загалом ставитися як до нижчого сорту.</p><p>Чужинець віднімає 2 від кидків на @Compendium[swade-core-rules.swade-skills.Переконливість]{переконливість}, коли хоче вплинути на несхожих на нього. Якщо ж це великий недолік, то персонаж втрачає всі чи майже всі законні права в місці головних подій кампанії. Він може бути представником іншого виду серед ксенофобів, цивілізація може не розуміти чи ненавидіти чужинців або ж він може мати штучний розум і не визнаватися законом як особистість.</p>",
    "major": false,
    "notes": "",
    "swid": "outsider",
    "favorite": false,
    "grants": [],
    "choiceSets": [],
    "severity": "either"
  },
  "flags": {
    "sigil": {
      "completed": true
    }
  },
  "_stats": {
    "coreVersion": "13.347",
    "systemId": "swade",
    "systemVersion": "5.0.5",
    "createdTime": 1757009264201,
    "modifiedTime": 1757009264201,
    "lastModifiedBy": "TW8E9Ylq0NMu40vd",
    "exportSource": {
      "worldId": "testsavage",
      "uuid": "Item.IQgZkCUMklDKYV9x",
      "coreVersion": "13.347",
      "systemId": "swade",
      "systemVersion": "5.0.5"
    }
  }
}