{
  "effects": [
    {
      "_id": "onZ4pMyX9AY5lCSK",
      "changes": [
        {
          "key": "system.attributes.spirit.die.modifier",
          "mode": 2,
          "value": "-2",
          "priority": null
        }
      ],
      "disabled": false,
      "duration": {
        "startTime": null,
        "seconds": null,
        "combat": null,
        "rounds": null,
        "turns": null,
        "startRound": null,
        "startTurn": null
      },
      "name": "Боягуз",
      "tint": "#ffffff",
      "transfer": true,
      "flags": {
        "swade": {},
        "sigil": {
          "completed": true
        }
      },
      "description": "",
      "origin": null,
      "statuses": [],
      "_stats": {
        "coreVersion": "13.347",
        "systemId": "swade",
        "systemVersion": "5.0.5",
        "lastModifiedBy": null
      },
      "img": "systems/swade/assets/icons/hindrance.svg",
      "type": "base",
      "system": {
        "expiration": null,
        "conditionalEffect": true,
        "removeEffect": false,
        "loseTurnOnHold": false,
        "favorite": false
      },
      "sort": 0
    }
  ],
  "folder": "BbRhY7uUKmBd6u6P",
  "img": "modules/swade-core-rules/assets/hindrance/%D0%B1%D0%BE%D1%8F%D0%B3%D1%83%D0%B7.webp",
  "name": "Боягуз",
  "type": "hindrance",
  "system": {
    "source": "SWADE Core Rules UA",
    "additionalStats": {},
    "description": "<p>Не всі мають сталеві нерви. Вашому персонажу стає зле від вигляду крові й кишок, і він боїться травмуватися. Він віднімає 2 від перевірок @UUID[Compendium.swade-core-rules.swade-rules.swadecor04theadv.JournalEntryPage.04fear0000000000]{страху}, а також від опору @Compendium[swade-core-rules.swade-skills.Залякування]{залякуванню}.</p>",
    "major": true,
    "notes": "",
    "swid": "timid",
    "severity": "major",
    "favorite": false,
    "grants": [],
    "choiceSets": []
  },
  "flags": {
    "sigil": {
      "completed": true
    }
  },
  "_stats": {
    "coreVersion": "13.347",
    "systemId": "swade",
    "systemVersion": "5.0.5",
    "createdTime": 1757009264201,
    "modifiedTime": 1757009264201,
    "lastModifiedBy": "TW8E9Ylq0NMu40vd",
    "exportSource": {
      "worldId": "testsavage",
      "uuid": "Item.UywEtvLtzWGS6j4Z",
      "coreVersion": "13.347",
      "systemId": "swade",
      "systemVersion": "5.0.5"
    }
  }
}