{
  "effects": [],
  "folder": "BbRhY7uUKmBd6u6P",
  "img": "modules/swade-core-rules/assets/hindrance/%D0%BA%D1%80%D0%B8%D0%B2%D0%BE%D1%80%D1%83%D1%87%D0%BA%D0%BE.webp",
  "name": "Криворучко",
  "type": "hindrance",
  "system": {
    "source": "SWADE Core Rules UA",
    "additionalStats": {},
    "description": "<p>Через виховання, брак досвіду чи просто невдачу деякі особи стають трохи «криворукими», коли стикаються з механічними чи технічними пристроями.</p><p>«Криворучко» накладає @UUID[Compendium.swade-core-rules.swade-rules.JournalEntry.swadecor03rules0.JournalEntryPage.03traitrolls0000#trait-rolls]{штраф} −2 на використання механічних чи електричних пристроїв. У разі @UUID[Compendium.swade-core-rules.swade-rules.JournalEntry.swadecor03rules0.JournalEntryPage.03traitrolls0000#trait-rolls]{критичного провалу} під час використання такого пристрою (якщо той не має відповідного вбудованого ефекту) він ламається. Якщо ІМ вважає це доречним, зламаний пристрій можна полагодити за 1к6 годин, успішно пройшовши перевірку @Compendium[swade-core-rules.swade-skills.Ремонт]{ремонту}.</p>",
    "major": false,
    "notes": "",
    "swid": "all-thumbs",
    "severity": "minor",
    "favorite": false,
    "grants": [],
    "choiceSets": []
  },
  "flags": {
    "sigil": {
      "completed": true
    }
  },
  "_stats": {
    "coreVersion": "13.347",
    "systemId": "swade",
    "systemVersion": "5.0.5",
    "createdTime": 1757009264201,
    "modifiedTime": 1757009264201,
    "lastModifiedBy": "TW8E9Ylq0NMu40vd",
    "exportSource": {
      "worldId": "testsavage",
      "uuid": "Item.un8FNwybGbMDEaJA",
      "coreVersion": "13.347",
      "systemId": "swade",
      "systemVersion": "5.0.5"
    }
  }
}