{
  "effects": [],
  "folder": "BbRhY7uUKmBd6u6P",
  "img": "modules/swade-core-rules/assets/hindrance/%D1%96%D0%BC%D0%BF%D1%83%D0%BB%D1%8C%D1%81%D0%B8%D0%B2%D0%BD%D0%B8%D0%B9.webp",
  "name": "Імпульсивний",
  "type": "hindrance",
  "system": {
    "source": "SWADE Core Rules UA",
    "additionalStats": {},
    "description": "<p>Сім разів відміряй, один раз відріж — це не про нього. Шибайголова спершу робить, а тоді думає.</p>",
    "major": true,
    "notes": "",
    "swid": "impulsive",
    "severity": "major",
    "favorite": false,
    "grants": [],
    "choiceSets": []
  },
  "flags": {
    "sigil": {
      "completed": true
    }
  },
  "_stats": {
    "coreVersion": "13.347",
    "systemId": "swade",
    "systemVersion": "5.0.5",
    "createdTime": 1757009264201,
    "modifiedTime": 1757009264201,
    "lastModifiedBy": "TW8E9Ylq0NMu40vd",
    "exportSource": {
      "worldId": "testsavage",
      "uuid": "Item.Otu4F2NALEfKnIYE",
      "coreVersion": "13.347",
      "systemId": "swade",
      "systemVersion": "5.0.5"
    }
  }
}