{
  "effects": [],
  "folder": "BbRhY7uUKmBd6u6P",
  "img": "modules/swade-core-rules/assets/hindrance/%D0%BF%D0%B0%D1%86%D0%B8%D1%84%D1%96%D0%B7%D0%BC.webp",
  "name": "Пацифізм",
  "type": "hindrance",
  "system": {
    "source": "SWADE Core Rules UA",
    "additionalStats": {},
    "description": "<p>(ДРІБНИЙ АБО ВЕЛИКИЙ)</p><p>Ваш герой різко засуджує насильство. Дрібний недолік означає, що він битиметься, якщо йому не залишити вибору, і ніколи не дозволить убити бранця чи беззахисну жертву.</p><p>У разі великого недоліку він не битиметься з живими за <em>жодних</em> обставин. Він може захистити себе, але ніколи не завдасть непоправної шкоди живій розумній істоті. Герой може завдавати @UUID[Compendium.swade-core-rules.swade-rules.JournalEntry.swadecor03rules0]{несмертельних} ушкоджень, але лише для захисту себе чи інших.</p><p>Зважайте, що беззаперечно злих істот (невмерлих, демонів тощо) не шкодує навіть великий пацифіст!</p>",
    "major": false,
    "notes": "",
    "swid": "pacifist",
    "favorite": false,
    "grants": [],
    "choiceSets": [],
    "severity": "either"
  },
  "flags": {
    "sigil": {
      "completed": true
    }
  },
  "_stats": {
    "coreVersion": "13.347",
    "systemId": "swade",
    "systemVersion": "5.0.5",
    "createdTime": 1757009264201,
    "modifiedTime": 1757009264201,
    "lastModifiedBy": "TW8E9Ylq0NMu40vd",
    "exportSource": {
      "worldId": "testsavage",
      "uuid": "Item.S1ZceKjgKXlNGcZY",
      "coreVersion": "13.347",
      "systemId": "swade",
      "systemVersion": "5.0.5"
    }
  }
}