{
  "effects": [],
  "folder": "BbRhY7uUKmBd6u6P",
  "img": "modules/swade-core-rules/assets/hindrance/%D0%BE%D0%B1%D0%BE%D0%B2%27%D1%8F%D0%B7%D0%BE%D0%BA.webp",
  "name": "Обов'язок",
  "type": "hindrance",
  "system": {
    "source": "SWADE Core Rules UA",
    "additionalStats": {},
    "description": "<p>(ДРІБНИЙ АБО ВЕЛИКИЙ)</p><p>У вашого героя є обов’язки, які треба виконувати щодня або з певною регулярністю. Це може бути робота, волонтерство, турбота про родину чи друзів тощо.</p><p>Дрібний обов’язок забирає близько 20 годин на тиждень, великий — 40+ годин. Про точну кількість часу гравець домовляється з ігромайстром.</p>",
    "major": false,
    "notes": "",
    "swid": "obligation",
    "favorite": false,
    "grants": [],
    "choiceSets": [],
    "severity": "either"
  },
  "flags": {
    "sigil": {
      "completed": true
    }
  },
  "_stats": {
    "coreVersion": "13.347",
    "systemId": "swade",
    "systemVersion": "5.0.5",
    "createdTime": 1757009264201,
    "modifiedTime": 1757009264201,
    "lastModifiedBy": "TW8E9Ylq0NMu40vd",
    "exportSource": {
      "worldId": "testsavage",
      "uuid": "Item.zw8zc79ydbceQVx8",
      "coreVersion": "13.347",
      "systemId": "swade",
      "systemVersion": "5.0.5"
    }
  }
}