{
  "effects": [],
  "folder": "BbRhY7uUKmBd6u6P",
  "img": "modules/swade-core-rules/assets/hindrance/%D0%BA%D0%BB%D1%8F%D1%82%D0%B2%D0%B0.webp",
  "name": "Клятва",
  "type": "hindrance",
  "system": {
    "source": "SWADE Core Rules UA",
    "additionalStats": {},
    "description": "<p>(ДРІБНИЙ АБО ВЕЛИКИЙ)</p><p>Цей персонаж присягнув комусь або чомусь, у що вірить.</p><p>Частота дотримання клятви й супутні небезпеки залежатимуть від рівня @UUID[Compendium.swade-core-rules.swade-rules.swadecor01charac.JournalEntryPage.01hindrances0000]{недоліку}. Дрібна клятва може стосуватися служіння не надто вимогливому ордену й рідко заважатиме цілям гурту.</p><p>Велика клятва висуває тривалі й часті вимоги, які відбиратимуть багато часу й загрожуватимуть життю персонажа.</p>",
    "major": false,
    "notes": "",
    "swid": "vow",
    "favorite": false,
    "grants": [],
    "choiceSets": [],
    "severity": "either"
  },
  "flags": {
    "sigil": {
      "completed": true
    }
  },
  "_stats": {
    "coreVersion": "13.347",
    "systemId": "swade",
    "systemVersion": "5.0.5",
    "createdTime": 1757009264201,
    "modifiedTime": 1757009264201,
    "lastModifiedBy": "TW8E9Ylq0NMu40vd",
    "exportSource": {
      "worldId": "testsavage",
      "uuid": "Item.97ulajnqpnVgGb63",
      "coreVersion": "13.347",
      "systemId": "swade",
      "systemVersion": "5.0.5"
    }
  }
}