{
  "effects": [],
  "folder": "BbRhY7uUKmBd6u6P",
  "img": "modules/swade-core-rules/assets/hindrance/%D1%81%D0%B0%D0%BC%D0%BE%D0%B2%D0%BF%D0%B5%D0%B2%D0%BD%D0%B5%D0%BD%D0%B8%D0%B9.webp",
  "name": "Самовпевнений",
  "type": "hindrance",
  "system": {
    "source": "SWADE Core Rules UA",
    "additionalStats": {},
    "description": "<p>Ваш герой незрівнянний і непереможний. Принаймні, він так думає. Він вірить, що здатен на будь-які подвиги, і готовий прийняти будь-який виклик. Це не самогубна зухвалість, але йому все ж не завадило би бути обережнішим.</p>",
    "major": true,
    "notes": "",
    "swid": "overconfident",
    "severity": "major",
    "favorite": false,
    "grants": [],
    "choiceSets": []
  },
  "flags": {
    "sigil": {
      "completed": true
    }
  },
  "_stats": {
    "coreVersion": "13.347",
    "systemId": "swade",
    "systemVersion": "5.0.5",
    "createdTime": 1757009264201,
    "modifiedTime": 1757009264201,
    "lastModifiedBy": "TW8E9Ylq0NMu40vd",
    "exportSource": {
      "worldId": "testsavage",
      "uuid": "Item.ymsBrZWA46856xO7",
      "coreVersion": "13.347",
      "systemId": "swade",
      "systemVersion": "5.0.5"
    }
  }
}