{
  "effects": [],
  "folder": "BbRhY7uUKmBd6u6P",
  "img": "modules/swade-core-rules/assets/hindrance/%D0%BD%D0%B5%D0%B7%D0%B3%D1%80%D0%B0%D0%B1%D0%BD%D0%B8%D0%B9.webp",
  "name": "Незграбний",
  "type": "hindrance",
  "system": {
    "source": "SWADE Core Rules UA",
    "additionalStats": {},
    "description": "<p>Ваш герой — незграба, який спотикається об повітря, і якого завжди останнім вибирають у спортивні команди. Він отримує штраф −2 до перевірок @Compendium[swade-core-rules.swade-skills.Атлетизм]{атлетизму} та @Compendium[swade-core-rules.swade-skills.Непомітність]{непомітності}.</p>",
    "major": true,
    "notes": "",
    "swid": "clumsy",
    "severity": "major",
    "favorite": false,
    "grants": [],
    "choiceSets": []
  },
  "flags": {
    "sigil": {
      "completed": true
    }
  },
  "_stats": {
    "coreVersion": "13.347",
    "systemId": "swade",
    "systemVersion": "5.0.5",
    "createdTime": 1757009264201,
    "modifiedTime": 1757009264201,
    "lastModifiedBy": "TW8E9Ylq0NMu40vd",
    "exportSource": {
      "worldId": "testsavage",
      "uuid": "Item.Uh29ZWh6ZV9lVRfv",
      "coreVersion": "13.347",
      "systemId": "swade",
      "systemVersion": "5.0.5"
    }
  }
}