{
  "effects": [],
  "folder": "BbRhY7uUKmBd6u6P",
  "img": "modules/swade-core-rules/assets/hindrance/%D0%BD%D0%B5%D0%B3%D1%80%D0%B0%D0%BC%D0%BE%D1%82%D0%BD%D0%B8%D0%B9.webp",
  "name": "Неграмотний",
  "type": "hindrance",
  "system": {
    "source": "SWADE Core Rules UA",
    "additionalStats": {},
    "description": "<p>Ваш герой не вміє читати. Він уміє поставити свій підпис та знає, що таке знак «СТОП», але не більше. Математика також не його сильна сторона. Додати 2 + 2 він зможе, але множення і таке інше — не для нього.</p><p>Неграмотні персонажі не вміють читати й писати будь-якою мовою, незалежно від балакучості.</p>",
    "major": false,
    "notes": "",
    "swid": "illiterate",
    "severity": "minor",
    "favorite": false,
    "grants": [],
    "choiceSets": []
  },
  "flags": {
    "sigil": {
      "completed": true
    }
  },
  "_stats": {
    "coreVersion": "13.347",
    "systemId": "swade",
    "systemVersion": "5.0.5",
    "createdTime": 1757009264201,
    "modifiedTime": 1757009264201,
    "lastModifiedBy": "TW8E9Ylq0NMu40vd",
    "exportSource": {
      "worldId": "testsavage",
      "uuid": "Item.pCIHB2FMUv7wZsHC",
      "coreVersion": "13.347",
      "systemId": "swade",
      "systemVersion": "5.0.5"
    }
  }
}