{
  "effects": [],
  "folder": "BbRhY7uUKmBd6u6P",
  "img": "modules/swade-core-rules/assets/hindrance/%D0%BA%D1%80%D0%BE%D0%B2%D0%BE%D0%B6%D0%B5%D1%80%D0%BD%D0%B8%D0%B9.webp",
  "name": "Кровожерний",
  "type": "hindrance",
  "system": {
    "source": "SWADE Core Rules UA",
    "additionalStats": {},
    "description": "<p>Ваш герой не бере полонених, якщо тільки за ним не наглядає хтось старший за рангом. Його холоднокровна жорстокість провокує ворогів відповідати взаємністю, часто позбавляє важливої інформації, створює нових ворогів і може призвести до проблем із командиром чи владою, залежно від сценарію.</p>",
    "major": true,
    "notes": "",
    "swid": "bloodthirsty",
    "severity": "major",
    "favorite": false,
    "grants": [],
    "choiceSets": []
  },
  "flags": {
    "sigil": {
      "completed": true
    }
  },
  "_stats": {
    "coreVersion": "13.347",
    "systemId": "swade",
    "systemVersion": "5.0.5",
    "createdTime": 1757009264201,
    "modifiedTime": 1757009264201,
    "lastModifiedBy": "TW8E9Ylq0NMu40vd",
    "exportSource": {
      "worldId": "testsavage",
      "uuid": "Item.9cXIBRS4q3ryJJBJ",
      "coreVersion": "13.347",
      "systemId": "swade",
      "systemVersion": "5.0.5"
    }
  }
}