{
  "effects": [
    {
      "_id": "QAwbE4LSBKoZTFjY",
      "changes": [
        {
          "key": "@Skill{Intimidation}[system.die.modifier]",
          "mode": 2,
          "value": "-2",
          "priority": null
        }
      ],
      "disabled": false,
      "duration": {
        "startTime": null,
        "seconds": null,
        "combat": null,
        "rounds": null,
        "turns": null,
        "startRound": null,
        "startTurn": null
      },
      "name": "М'якосердий",
      "tint": "#ffffff",
      "transfer": true,
      "flags": {
        "swade": {},
        "sigil": {
          "completed": true
        }
      },
      "description": "",
      "origin": null,
      "statuses": [],
      "_stats": {
        "coreVersion": "13.347",
        "systemId": "swade",
        "systemVersion": "5.0.5",
        "lastModifiedBy": null
      },
      "img": "modules/swade-core-rules/assets/hindrance/%D0%BC%27%D1%8F%D0%BA%D0%BE%D1%81%D0%B5%D1%80%D0%B4%D0%BD%D0%B8%D0%B9.webp",
      "type": "base",
      "system": {
        "expiration": null,
        "conditionalEffect": true,
        "removeEffect": false,
        "loseTurnOnHold": false,
        "favorite": false
      },
      "sort": 0
    }
  ],
  "folder": "BbRhY7uUKmBd6u6P",
  "img": "modules/swade-core-rules/assets/hindrance/%D0%BC%27%D1%8F%D0%BA%D0%BE%D1%81%D0%B5%D1%80%D0%B4%D0%BD%D0%B8%D0%B9.webp",
  "name": "М'якосердий",
  "type": "hindrance",
  "system": {
    "source": "SWADE Core Rules UA",
    "additionalStats": {},
    "description": "<p>Персонажу важко когось залякати і він справляє відповідне враження. Можливо, через повноту, добрі риси обличчя або м’який голос. Словом, ніхто не вважає вас загрозливим. М’якосердий персонаж має віднімати 2 від @UUID[Compendium.swade-core-rules.swade-rules.JournalEntry.swadecor03rules0.JournalEntryPage.03traitrolls0000#trait-rolls]{кидків} на @Compendium[swade-core-rules.swade-skills.Залякування]{залякування}.</p>",
    "major": false,
    "notes": "",
    "swid": "mild-mannered",
    "severity": "minor",
    "favorite": false,
    "grants": [],
    "choiceSets": []
  },
  "flags": {
    "sigil": {
      "completed": true
    }
  },
  "_stats": {
    "coreVersion": "13.347",
    "systemId": "swade",
    "systemVersion": "5.0.5",
    "createdTime": 1757009264201,
    "modifiedTime": 1757009264201,
    "lastModifiedBy": "TW8E9Ylq0NMu40vd",
    "exportSource": {
      "worldId": "testsavage",
      "uuid": "Item.2N6dfdOhp1voszqn",
      "coreVersion": "13.347",
      "systemId": "swade",
      "systemVersion": "5.0.5"
    }
  }
}