{
  "effects": [],
  "folder": "BbRhY7uUKmBd6u6P",
  "img": "modules/swade-core-rules/assets/hindrance/%D0%B4%D0%B8%D0%B2%D0%B0%D1%86%D1%82%D0%B2%D0%BE.webp",
  "name": "Дивацтво",
  "type": "hindrance",
  "system": {
    "source": "SWADE Core Rules UA",
    "additionalStats": {},
    "description": "<p>Цей герой має якусь дрібну примху, яка може здаватися кумедною, але іноді змушує його втрапляти в халепу. Марнославний боєць може намагатися вирізати свої ініціали  на тілі ворога, гном — вихвалятися своєю культурою, благородна пані — відмовлятися їсти, пити чи спілкуватися з простолюдом тощо.</p>",
    "major": false,
    "notes": "",
    "swid": "quirk",
    "severity": "minor",
    "favorite": false,
    "grants": [],
    "choiceSets": []
  },
  "flags": {
    "sigil": {
      "completed": true
    }
  },
  "_stats": {
    "coreVersion": "13.347",
    "systemId": "swade",
    "systemVersion": "5.0.5",
    "createdTime": 1757009264201,
    "modifiedTime": 1757009264201,
    "lastModifiedBy": "TW8E9Ylq0NMu40vd",
    "exportSource": {
      "worldId": "testsavage",
      "uuid": "Item.sTH6Vfaa5Ole9Lqw",
      "coreVersion": "13.347",
      "systemId": "swade",
      "systemVersion": "5.0.5"
    }
  }
}