{
  "effects": [],
  "folder": "BbRhY7uUKmBd6u6P",
  "img": "modules/swade-core-rules/assets/hindrance/%D0%BF%D0%B0%D1%82%D1%8F%D0%BA%D0%B0%D0%BB%D0%BE.webp",
  "name": "Патякало",
  "type": "hindrance",
  "system": {
    "source": "SWADE Core Rules UA",
    "additionalStats": {},
    "description": "<p>Як-то кажуть: «Язик мій — ворог мій». Ця язиката хвеська не вміє берегти таємниці. Такий персонаж розкриває плани й вибовкує те, про що ліпше знати тільки друзям (зазвичай у найгірший момент).</p>",
    "major": false,
    "notes": "",
    "swid": "big-mouth",
    "severity": "minor",
    "favorite": false,
    "grants": [],
    "choiceSets": []
  },
  "flags": {
    "sigil": {
      "completed": true
    }
  },
  "_stats": {
    "coreVersion": "13.347",
    "systemId": "swade",
    "systemVersion": "5.0.5",
    "createdTime": 1757009264201,
    "modifiedTime": 1757009264201,
    "lastModifiedBy": "TW8E9Ylq0NMu40vd",
    "exportSource": {
      "worldId": "testsavage",
      "uuid": "Item.EwGReIUw3BvyH95Y",
      "coreVersion": "13.347",
      "systemId": "swade",
      "systemVersion": "5.0.5"
    }
  }
}