{
  "effects": [],
  "folder": "2LW7kchDvR6MW86x",
  "img": "systems/swade/assets/icons/skills/airplane.svg",
  "name": "Пілотування",
  "type": "skill",
  "system": {
    "source": "SWADE Core Rules UA",
    "additionalStats": {},
    "attribute": "agility",
    "description": "<p>«Пілотування» дає персонажу змогу керувати літаками, гелікоптерами, реактивними ранцями чи космічними кораблями. Правила @UUID[Compendium.swade-core-rules.swade-rules.JournalEntry.swadecor04theadv.JournalEntryPage.04chasesandveh00]{гонитви й бою на транспортних засобах}.</p><p>Натомість істоти з вродженим вмінням літати (наприклад, якщо мають крила) використовують <strong>@Compendium[swade-core-rules.swade-skills.Атлетизм]{«Атлетизм»}</strong>.</p>",
    "die": {
      "modifier": 0,
      "sides": 4
    },
    "isCoreSkill": false,
    "notes": "",
    "wild-die": {
      "sides": 6
    },
    "swid": "piloting",
    "choiceSets": []
  },
  "_stats": {
    "coreVersion": "13.347",
    "systemId": "swade",
    "systemVersion": "5.0.5",
    "createdTime": 1756992351708,
    "modifiedTime": 1756992351708,
    "lastModifiedBy": "TW8E9Ylq0NMu40vd",
    "exportSource": {
      "worldId": "testsavage",
      "uuid": "Item.5RB13H0P7WvxVDBr",
      "coreVersion": "13.347",
      "systemId": "swade",
      "systemVersion": "5.0.5"
    }
  },
  "flags": {}
}