{
  "effects": [],
  "folder": "2LW7kchDvR6MW86x",
  "img": "systems/swade/assets/icons/skills/medical-pack.svg",
  "name": "Лікування",
  "type": "skill",
  "system": {
    "source": "SWADE Core Rules UA",
    "additionalStats": {},
    "attribute": "smarts",
    "description": "<p>Лікування застосовують у різних ситуаціях — від обробки @UUID[Compendium.swade-core-rules.swade-rules.JournalEntry.swadecor03rules0.JournalEntryPage.03damageeffect00]{ран} до діагностування хвороб та аналізу певних видів речових доказів.</p><p>У секції @UUID[Compendium.swade-core-rules.swade-rules.swadecor03rules0.JournalEntryPage.03healing0000000]{Лікування} описані правила зцілення @UUID[Compendium.swade-core-rules.swade-rules.swadecor03rules0.JournalEntryPage.03damageeffect00]{ран}, а у секції @UUID[Compendium.swade-core-rules.swade-rules.swadecor04theadv.JournalEntryPage.04hazards0000000]{Небезпеки} — лікування отруєння чи хвороб.</p><p><strong>Медична експертиза: </strong>лікування також використовують для аналізу всього, що стосується анатомічних травм, зокрема, визначення причин та часу смерті, кута атаки тощо. @UUID[Compendium.swade-core-rules.swade-rules.swadecor03rules0.JournalEntryPage.03traitrolls0000]{Успіх} означає виявлення основної інформації, а @UUID[Compendium.swade-core-rules.swade-rules.JournalEntry.swadecor03rules0.JournalEntryPage.03traitrolls0000#trait-rolls]{надмір} відкриває більше деталей.</p>",
    "die": {
      "modifier": 0,
      "sides": 4
    },
    "isCoreSkill": false,
    "notes": "",
    "wild-die": {
      "sides": 6
    },
    "swid": "healing",
    "choiceSets": []
  },
  "_stats": {
    "coreVersion": "13.347",
    "systemId": "swade",
    "systemVersion": "5.0.5",
    "createdTime": 1756992351708,
    "modifiedTime": 1756992351708,
    "lastModifiedBy": "TW8E9Ylq0NMu40vd",
    "exportSource": {
      "worldId": "testsavage",
      "uuid": "Item.Syo1BvITMeRV2Aat",
      "coreVersion": "13.347",
      "systemId": "swade",
      "systemVersion": "5.0.5"
    }
  },
  "flags": {}
}