{
  "effects": [],
  "folder": "2LW7kchDvR6MW86x",
  "img": "systems/swade/assets/icons/skills/rolling-dices.svg",
  "name": "Азартні ігри",
  "type": "skill",
  "system": {
    "source": "SWADE Core Rules UA",
    "additionalStats": {},
    "attribute": "smarts",
    "description": "<p>Азартні ігри — це звична річ у салунах Дикого Заходу, злочинних закладах, казармах більшості армій та каютах науково-фантастичних космічних кораблів.</p><p>Щоб зімітувати годину азартної гри без реальних кидків кістки на кожен кидок чи роздачу карт у грі, спочатку треба узгодити ставки: 10 доларів, 10 золотих монет тощо. Потім кожен, хто грає, виконує кидок на азартну гру. Гравець з найнижчим результатом платить переможцю ставку, помножену на різницю між ними. Гравець на другому місці з кінця платить другому переможцю ставку, помножену на різницю між ними і т. д. Якщо посередині опиняється гравець без пари, він просто повертає свої гроші.</p><p class=\"embedded-example\"><strong>Приклад.</strong> Руда викидає найвищий результат — 10, а Ґейб найнижчий — 4. Різниця між ними дорівнює 6, тож Ґейб віддає Рудій 60 доларів (ставка 10 доларів × 6).</p><p><strong>Махлювання: </strong>змахлювавши, персонаж додає +2 до свого кидка. ІМ може збільшити чи зменшити цей модифікатор, спираючись на особливості гри чи метод махлювання. Однак у разі @UUID[Compendium.swade-core-rules.swade-rules.JournalEntry.swadecor03rules0.JournalEntryPage.03traitrolls0000#trait-rolls]{критичного провалу} шахрая викривають. Наслідки, звісно, залежать від свідків та інших обставин, але приємними вони зазвичай не бувають.</p>",
    "die": {
      "modifier": 0,
      "sides": 4
    },
    "isCoreSkill": false,
    "notes": "",
    "wild-die": {
      "sides": 6
    },
    "swid": "gambling",
    "choiceSets": []
  },
  "_stats": {
    "coreVersion": "13.347",
    "systemId": "swade",
    "systemVersion": "5.0.5",
    "createdTime": 1756992351708,
    "modifiedTime": 1756992351708,
    "lastModifiedBy": "TW8E9Ylq0NMu40vd",
    "exportSource": {
      "worldId": "testsavage",
      "uuid": "Item.JhgyoJ0gUmCzrf7z",
      "coreVersion": "13.347",
      "systemId": "swade",
      "systemVersion": "5.0.5"
    }
  },
  "flags": {}
}