{
  "effects": [],
  "folder": "2LW7kchDvR6MW86x",
  "img": "systems/swade/assets/icons/skills/gift-of-knowledge.svg",
  "name": "Ерудиція",
  "type": "skill",
  "system": {
    "source": "SWADE Core Rules UA",
    "additionalStats": {},
    "attribute": "smarts",
    "description": "<p>Кидки на ерудицію потрібні для перевірки знання люду, місць, явищ і аспектів світу, як-от етикет, географія, культура, поширені технології, засоби спілкування та звичаї.</p>",
    "die": {
      "modifier": 0,
      "sides": 4
    },
    "isCoreSkill": true,
    "notes": "",
    "wild-die": {
      "sides": 6
    },
    "swid": "common-knowledge",
    "choiceSets": []
  },
  "_stats": {
    "coreVersion": "13.347",
    "systemId": "swade",
    "systemVersion": "5.0.5",
    "createdTime": 1756992351708,
    "modifiedTime": 1756992351708,
    "lastModifiedBy": "TW8E9Ylq0NMu40vd",
    "exportSource": {
      "worldId": "testsavage",
      "uuid": "Item.su7eyijoB0RFpRB1",
      "coreVersion": "13.347",
      "systemId": "swade",
      "systemVersion": "5.0.5"
    }
  },
  "flags": {}
}