{
  "effects": [],
  "img": "systems/swade/assets/icons/ability.svg",
  "name": "Погіршена характеристика (-2)",
  "type": "ability",
  "system": {
    "source": "SWADE Core Rules UA",
    "additionalStats": {},
    "build": {
      "cost": -3,
      "limit": 1,
      "level": 1
    },
    "description": "<p><strong>Ліміт: раз на харатеристику.<br />Вартість: -3.</strong></p><p>Одна @UUID[Compendium.swade-core-rules.swade-rules.swadecor01charac.JournalEntryPage.01traits00000000]{характеристика} (але не пов’язані з нею навички) має штраф –2. Якщо ця характеристика — @UUID[Compendium.swade-core-rules.swade-rules.swadecor01charac.JournalEntryPage.01traits00000000]{міць}, штраф застосовують і до ушкоджень.</p>",
    "grantsPowers": false,
    "notes": "",
    "subtype": "special",
    "category": "Негативні",
    "swid": "attribute-penalty",
    "choiceSets": [
      {
        "title": "Погіршена характеристика",
        "choices": [
          {
            "name": "Погіршення спритності",
            "mutation": {
              "effects": [
                {
                  "_id": "AgilityPenalty00",
                  "changes": [
                    {
                      "key": "system.attributes.agility.die.modifier",
                      "mode": 2,
                      "value": -2
                    }
                  ],
                  "disabled": false,
                  "duration": {
                    "startTime": null
                  },
                  "flags": {},
                  "icon": "systems/swade/assets/icons/ability.svg",
                  "name": "Погіршення спритності (Походження)",
                  "tint": null,
                  "transfer": true,
                  "description": "<span class=\"lead-bold\">@Compendium[swade-core-rules.swade-racial-abilities.Attribute Penalty]{Штраф до характеристики} (Один раз на характеристику): </span> Одна @UUID[Compendium.swade-core-rules.swade-rules.swadecor01charac.JournalEntryPage.01traits00000000]{характеристика} (але не пов’язані з нею навички) отримує штраф –1. За 3 бали вона отримує штраф –2. Якщо це @UUID[Compendium.swade-core-rules.swade-rules.swadecor01charac.JournalEntryPage.01traits00000000]{Міць}, то цей штраф також застосовується до шкоди."
                }
              ]
            },
            "addToName": true
          },
          {
            "name": "Погіршення кмітливості",
            "mutation": {
              "effects": [
                {
                  "_id": "SmartsPenalty000",
                  "changes": [
                    {
                      "key": "system.attributes.smarts.die.modifier",
                      "mode": 2,
                      "value": -2
                    }
                  ],
                  "disabled": false,
                  "duration": {
                    "startTime": null
                  },
                  "flags": {},
                  "icon": "systems/swade/assets/icons/ability.svg",
                  "name": "Погіршення кмітливості (Походження)",
                  "tint": null,
                  "transfer": true,
                  "description": "<span class=\"lead-bold\">@Compendium[swade-core-rules.swade-racial-abilities.Attribute Penalty]{Штраф до характеристики} (Один раз на характеристику): </span> Одна @UUID[Compendium.swade-core-rules.swade-rules.swadecor01charac.JournalEntryPage.01traits00000000]{характеристика} (але не пов’язані з нею навички) отримує штраф –1. За 3 бали вона отримує штраф –2. Якщо це @UUID[Compendium.swade-core-rules.swade-rules.swadecor01charac.JournalEntryPage.01traits00000000]{Міць}, то цей штраф також застосовується до шкоди."
                }
              ]
            },
            "addToName": true
          },
          {
            "name": "Погіршення волі",
            "mutation": {
              "effects": [
                {
                  "_id": "SpiritPenalty000",
                  "changes": [
                    {
                      "key": "system.attributes.spirit.die.modifier",
                      "mode": 2,
                      "value": -2
                    }
                  ],
                  "disabled": false,
                  "duration": {
                    "startTime": null
                  },
                  "flags": {},
                  "icon": "systems/swade/assets/icons/ability.svg",
                  "name": "Погіршення волі (Походження)",
                  "tint": null,
                  "transfer": true,
                  "description": "<span class=\"lead-bold\">@Compendium[swade-core-rules.swade-racial-abilities.Attribute Penalty]{Штраф до характеристики} (Один раз на характеристику): </span> Одна @UUID[Compendium.swade-core-rules.swade-rules.swadecor01charac.JournalEntryPage.01traits00000000]{характеристика} (але не пов’язані з нею навички) отримує штраф –1. За 3 бали вона отримує штраф –2. Якщо це @UUID[Compendium.swade-core-rules.swade-rules.swadecor01charac.JournalEntryPage.01traits00000000]{Міць}, то цей штраф також застосовується до шкоди."
                }
              ]
            },
            "addToName": true
          },
          {
            "name": "Погіршення моці",
            "mutation": {
              "effects": [
                {
                  "_id": "StrengthPenalty0",
                  "changes": [
                    {
                      "key": "system.attributes.strength.die.modifier",
                      "mode": 2,
                      "value": -2
                    }
                  ],
                  "disabled": false,
                  "duration": {
                    "startTime": null
                  },
                  "flags": {},
                  "icon": "systems/swade/assets/icons/ability.svg",
                  "name": "Погіршення моці (Походження)",
                  "tint": null,
                  "transfer": true,
                  "description": "<span class=\"lead-bold\">@Compendium[swade-core-rules.swade-racial-abilities.Attribute Penalty]{Штраф до характеристики} (Один раз на характеристику): </span> Одна @UUID[Compendium.swade-core-rules.swade-rules.swadecor01charac.JournalEntryPage.01traits00000000]{характеристика} (але не пов’язані з нею навички) отримує штраф –1. За 3 бали вона отримує штраф –2. Якщо це @UUID[Compendium.swade-core-rules.swade-rules.swadecor01charac.JournalEntryPage.01traits00000000]{Міць}, то цей штраф також застосовується до шкоди."
                }
              ]
            },
            "addToName": true
          },
          {
            "name": "Погіршення витримки",
            "mutation": {
              "effects": [
                {
                  "_id": "VigorPenalty0000",
                  "changes": [
                    {
                      "key": "system.attributes.vigor.die.modifier",
                      "mode": 2,
                      "value": -2
                    }
                  ],
                  "disabled": false,
                  "duration": {
                    "startTime": null
                  },
                  "flags": {},
                  "icon": "systems/swade/assets/icons/ability.svg",
                  "name": "Погіршення витримки (Походження)",
                  "tint": null,
                  "transfer": true,
                  "description": "<span class=\"lead-bold\">@Compendium[swade-core-rules.swade-racial-abilities.Attribute Penalty]{Штраф до характеристики} (Один раз на характеристику): </span> Одна @UUID[Compendium.swade-core-rules.swade-rules.swadecor01charac.JournalEntryPage.01traits00000000]{характеристика} (але не пов’язані з нею навички) отримує штраф –1. За 3 бали вона отримує штраф –2. Якщо це @UUID[Compendium.swade-core-rules.swade-rules.swadecor01charac.JournalEntryPage.01traits00000000]{Міць}, то цей штраф також застосовується до шкоди."
                }
              ]
            },
            "addToName": true
          }
        ],
        "choice": null
      }
    ],
    "favorite": false,
    "grants": []
  },
  "_stats": {
    "coreVersion": "13.347",
    "systemId": "swade",
    "systemVersion": "5.0.5",
    "createdTime": 1756994285030,
    "modifiedTime": 1756994296584,
    "lastModifiedBy": "TW8E9Ylq0NMu40vd",
    "exportSource": {
      "worldId": "testsavage",
      "uuid": "Item.RmJDpDJtgG19p0CJ",
      "coreVersion": "13.347",
      "systemId": "swade",
      "systemVersion": "5.0.5"
    }
  },
  "folder": "MSZGJJcE8MglvoaH",
  "flags": {
    "sigil": {
      "completed": true
    }
  }
}