{
  "effects": [],
  "img": "systems/swade/assets/icons/ability.svg",
  "name": "Роги",
  "type": "ability",
  "system": {
    "source": "SWADE Core Rules UA",
    "additionalStats": {},
    "build": {
      "cost": 1,
      "limit": 1,
      "level": 1
    },
    "description": "<p><strong>Ліміт: 1.<br />Вартість: 1 або 2.</strong></p><p>Істота має роги, якими може завдавати міць + 1к4 @UUID[Compendium.swade-core-rules.swade-rules.swadecor03rules0.JournalEntryPage.03dealingdamag00]{ушкоджень} (або міць + 1к6 за 2 очки). Докладніше див. <strong>@UUID[Compendium.swade-core-rules.swade-rules.swadecor03rules0.JournalEntryPage.03naturalweapo00]{«Природна зброя»}</strong>.</p>",
    "grantsPowers": false,
    "notes": "",
    "subtype": "special",
    "category": "Позитивні",
    "swid": "horns",
    "choiceSets": [
      {
        "title": "Тип рогів - Виберіть одне.",
        "choices": [
          {
            "name": "Міць+к4",
            "mutation": {
              "system": {
                "build": {
                  "cost": 1
                },
                "grants": [
                  {
                    "name": "Роги",
                    "uuid": "Compendium.swade-core-rules.swade-personal-weapons.Item.BpwEqVGa0KUKtBiR"
                  }
                ]
              }
            },
            "addToName": true
          },
          {
            "name": "Міць+к6",
            "mutation": {
              "system": {
                "build": {
                  "cost": 2
                },
                "grants": [
                  {
                    "name": "Роги",
                    "uuid": "Compendium.swade-core-rules.swade-personal-weapons.Item.BpwEqVGa0KUKtBiR",
                    "mutation": {
                      "system": {
                        "damage": "@str+d6"
                      }
                    }
                  }
                ]
              }
            },
            "addToName": true
          }
        ],
        "choice": null
      }
    ],
    "favorite": false,
    "grants": []
  },
  "_stats": {
    "coreVersion": "13.347",
    "systemId": "swade",
    "systemVersion": "5.0.5",
    "createdTime": 1756994285030,
    "modifiedTime": 1756994296584,
    "lastModifiedBy": "TW8E9Ylq0NMu40vd",
    "exportSource": {
      "worldId": "testsavage",
      "uuid": "Item.HORNsFXsFJvZsIwc",
      "coreVersion": "13.347",
      "systemId": "swade",
      "systemVersion": "5.0.5"
    }
  },
  "folder": "MSZGJJcE8MglvoaH",
  "flags": {
    "sigil": {
      "completed": true
    }
  }
}