{
  "effects": [
    {
      "_id": "LpBn1TUzHNV3VFRW",
      "changes": [
        {
          "key": "system.attributes.spirit.unShakeBonus",
          "mode": 2,
          "value": "2",
          "priority": null
        },
        {
          "key": "system.wounds.ignored",
          "mode": 2,
          "value": "1",
          "priority": null
        },
        {
          "key": "flags.swade-core-rules.ignoreBleedOut",
          "mode": 2,
          "value": "true",
          "priority": null
        }
      ],
      "disabled": false,
      "duration": {
        "startTime": null,
        "seconds": null,
        "combat": null,
        "rounds": null,
        "turns": null,
        "startRound": null,
        "startTurn": null
      },
      "flags": {
        "sigil": {
          "completed": true
        }
      },
      "name": "Конструкт",
      "tint": "#ffffff",
      "transfer": true,
      "description": "<p><strong>Ліміт: 1.<br />Вартість: 8.</strong></p><p>Це штучна істота, виготовлена з неорганічного матеріалу. Вона додає +2 до спроби оговтатися від @UUID[Compendium.swade-core-rules.swade-rules.swadecor03rules0.JournalEntryPage.03damageeffect00]{шоку}, ігнорує один рівень @UUID[Compendium.swade-core-rules.swade-rules.swadecor03rules0.JournalEntryPage.03damageeffect00]{модифікаторів ран}, не дихає та не може захворіти або отруїтися. @UUID[Compendium.swade-core-rules.swade-rules.swadecor03rules0.JournalEntryPage.03damageeffect00]{Рани} можна усувати навичкою @Compendium[swade-core-rules.swade-skills.Ремонт]{ремонту}. Кожна спроба триває одну годину для кожної @UUID[Compendium.swade-core-rules.swade-rules.swadecor03rules0.JournalEntryPage.03damageeffect00]{рани}, а обмеження @UUID[Compendium.swade-core-rules.swade-rules.swadecor03rules0.JournalEntryPage.03healing0000000]{«Золотої години»} не діє. Чимало конструктів мають негативне расове вміння «Залежність» (яке показує їхню залежність від джерела сили).</p>",
      "_stats": {
        "coreVersion": "13.347",
        "systemId": "swade",
        "systemVersion": "5.0.5",
        "lastModifiedBy": null
      },
      "img": "systems/swade/assets/icons/ability.svg",
      "type": "base",
      "system": {
        "removeEffect": false,
        "expiration": null,
        "loseTurnOnHold": false,
        "favorite": false,
        "conditionalEffect": false
      },
      "origin": null,
      "statuses": [],
      "sort": 0
    }
  ],
  "img": "systems/swade/assets/icons/ability.svg",
  "name": "Конструкт",
  "type": "ability",
  "system": {
    "source": "SWADE Core Rules UA",
    "additionalStats": {},
    "build": {
      "cost": 2,
      "limit": 1,
      "level": 1
    },
    "description": "<p><strong>Ліміт: 1.<br />Вартість: 8.</strong></p><p>Це штучна істота, виготовлена з неорганічного матеріалу. Вона додає +2 до спроби оговтатися від @UUID[Compendium.swade-core-rules.swade-rules.swadecor03rules0.JournalEntryPage.03damageeffect00]{шоку}, ігнорує один рівень @UUID[Compendium.swade-core-rules.swade-rules.swadecor03rules0.JournalEntryPage.03damageeffect00]{модифікаторів ран}, не дихає та не може захворіти або отруїтися. @UUID[Compendium.swade-core-rules.swade-rules.swadecor03rules0.JournalEntryPage.03damageeffect00]{Рани} можна усувати навичкою @Compendium[swade-core-rules.swade-skills.Ремонт]{ремонту}. Кожна спроба триває одну годину для кожної @UUID[Compendium.swade-core-rules.swade-rules.swadecor03rules0.JournalEntryPage.03damageeffect00]{рани}, а обмеження @UUID[Compendium.swade-core-rules.swade-rules.swadecor03rules0.JournalEntryPage.03healing0000000]{«Золотої години»} не діє. Чимало конструктів мають негативне расове вміння «Залежність» (яке показує їхню залежність від джерела сили).</p>",
    "grantsPowers": false,
    "notes": "",
    "subtype": "special",
    "category": "Позитивні",
    "swid": "construct",
    "choiceSets": [],
    "favorite": false,
    "grants": []
  },
  "_stats": {
    "coreVersion": "13.347",
    "systemId": "swade",
    "systemVersion": "5.0.5",
    "createdTime": 1756994285030,
    "modifiedTime": 1756994296584,
    "lastModifiedBy": "TW8E9Ylq0NMu40vd",
    "exportSource": {
      "worldId": "testsavage",
      "uuid": "Item.CONSsFXsFJvZsIwc",
      "coreVersion": "13.347",
      "systemId": "swade",
      "systemVersion": "5.0.5"
    }
  },
  "folder": "MSZGJJcE8MglvoaH",
  "flags": {
    "sigil": {
      "completed": true
    }
  }
}