{
  "effects": [],
  "img": "systems/swade/assets/icons/ability.svg",
  "name": "Бонус навички +1",
  "type": "ability",
  "system": {
    "source": "SWADE Core Rules UA",
    "additionalStats": {},
    "build": {
      "cost": 1,
      "limit": 1,
      "level": 1
    },
    "description": "<p><strong>Ліміт: раз на навичку.<br />Вартість: 1.</strong></p><p>Біологічні чинники надають расі бонус +1 у використанні певної @UUID[Compendium.swade-core-rules.swade-rules.swadecor01charac.JournalEntryPage.01traits00000000]{навички}. Наприклад, раса, яка виділяє феромони, може мати бонус +1 до @Compendium[swade-core-rules.swade-skills.Переконливість]{переконливості}.</p>",
    "grantsPowers": false,
    "notes": "",
    "subtype": "special",
    "category": "Позитивні",
    "swid": "skill-bonus",
    "choiceSets": [
      {
        "title": "Оберіть навичку.",
        "choices": [
          {
            "name": "Азартні ігри",
            "mutation": {
              "effects": [
                {
                  "_id": "PGfdHjwY8RaWrWXp",
                  "changes": [
                    {
                      "key": "@Skill{Азартні ігри}[system.die.modifier]",
                      "mode": 2,
                      "value": 1
                    }
                  ],
                  "disabled": false,
                  "duration": {
                    "startTime": null
                  },
                  "flags": {},
                  "icon": "systems/swade/assets/icons/skills/rolling-dices.svg",
                  "name": "Бонус походження (Азартні ігри)",
                  "tint": null,
                  "transfer": true
                }
              ],
              "system": {
                "build": {
                  "cost": 1
                }
              }
            },
            "addToName": true
          },
          {
            "name": "Артистичність",
            "mutation": {
              "effects": [
                {
                  "_id": "PGfdHjwY8RaWrWXp",
                  "changes": [
                    {
                      "key": "@Skill{Артистичність}[system.die.modifier]",
                      "mode": 2,
                      "value": 1
                    }
                  ],
                  "disabled": false,
                  "duration": {
                    "startTime": null
                  },
                  "flags": {},
                  "icon": "systems/swade/assets/icons/skills/drama-masks.svg",
                  "name": "Бонус походження (Артистичність)",
                  "tint": null,
                  "transfer": true
                }
              ],
              "system": {
                "build": {
                  "cost": 1
                }
              }
            },
            "addToName": true
          },
          {
            "name": "Атлетизм",
            "mutation": {
              "effects": [
                {
                  "_id": "gBR3c4jPuJmFKWsK",
                  "changes": [
                    {
                      "key": "@Skill{Атлетизм}[system.die.modifier]",
                      "mode": 2,
                      "value": 1
                    }
                  ],
                  "disabled": false,
                  "duration": {
                    "startTime": null
                  },
                  "flags": {},
                  "icon": "systems/swade/assets/icons/skills/jump-across.svg",
                  "name": "Бонус походження (Атлетизм)",
                  "tint": null,
                  "transfer": true
                }
              ],
              "system": {
                "build": {
                  "cost": 1
                }
              }
            },
            "addToName": true
          },
          {
            "name": "Бійка",
            "mutation": {
              "effects": [
                {
                  "_id": "PGfdHjwY8RaWrWXp",
                  "changes": [
                    {
                      "key": "@Skill{Бійка}[system.die.modifier]",
                      "mode": 2,
                      "value": 1
                    }
                  ],
                  "disabled": false,
                  "duration": {
                    "startTime": null
                  },
                  "flags": {},
                  "icon": "systems/swade/assets/icons/skills/punch.svg",
                  "name": "Бонус походження (Бійка)",
                  "tint": null,
                  "transfer": true
                }
              ],
              "system": {
                "build": {
                  "cost": 1
                }
              }
            },
            "addToName": true
          },
          {
            "name": "Виживання",
            "mutation": {
              "effects": [
                {
                  "_id": "PGfdHjwY8RaWrWXp",
                  "changes": [
                    {
                      "key": "@Skill{Виживання}[system.die.modifier]",
                      "mode": 2,
                      "value": 1
                    }
                  ],
                  "disabled": false,
                  "duration": {
                    "startTime": null
                  },
                  "flags": {},
                  "icon": "systems/swade/assets/icons/skills/camping-tent.svg",
                  "name": "Бонус походження (Виживання)",
                  "tint": null,
                  "transfer": true
                }
              ],
              "system": {
                "build": {
                  "cost": 1
                }
              }
            },
            "addToName": true
          },
          {
            "name": "Віра",
            "mutation": {
              "effects": [
                {
                  "_id": "PGfdHjwY8RaWrWXp",
                  "changes": [
                    {
                      "key": "@Skill{Віра}[system.die.modifier]",
                      "mode": 2,
                      "value": 1
                    }
                  ],
                  "disabled": false,
                  "duration": {
                    "startTime": null
                  },
                  "flags": {},
                  "icon": "systems/swade/assets/icons/skills/prayer.svg",
                  "name": "Бонус походження (Віра)",
                  "tint": null,
                  "transfer": true
                }
              ],
              "system": {
                "build": {
                  "cost": 1
                }
              }
            },
            "addToName": true
          },
          {
            "name": "Водіння",
            "mutation": {
              "effects": [
                {
                  "_id": "PGfdHjwY8RaWrWXp",
                  "changes": [
                    {
                      "key": "@Skill{Водіння}[system.die.modifier]",
                      "mode": 2,
                      "value": 1
                    }
                  ],
                  "disabled": false,
                  "duration": {
                    "startTime": null
                  },
                  "flags": {},
                  "icon": "systems/swade/assets/icons/skills/steering-wheel.svg",
                  "name": "Бонус походження (Водіння)",
                  "tint": null,
                  "transfer": true
                }
              ],
              "system": {
                "build": {
                  "cost": 1
                }
              }
            },
            "addToName": true
          },
          {
            "name": "Гуманітарні науки",
            "mutation": {
              "effects": [
                {
                  "_id": "4zWkT76bqRiY5Ubm",
                  "changes": [
                    {
                      "key": "@Skill{Гуманітарні науки}[system.die.modifier]",
                      "mode": 2,
                      "value": 1
                    }
                  ],
                  "disabled": false,
                  "duration": {
                    "startTime": null
                  },
                  "flags": {},
                  "icon": "systems/swade/assets/icons/skills/graduate-cap.svg",
                  "name": "Бонус походження (Гуманітарні науки)",
                  "tint": null,
                  "transfer": true
                }
              ],
              "system": {
                "build": {
                  "cost": 1
                }
              }
            },
            "addToName": true
          },
          {
            "name": "Дивні науки",
            "mutation": {
              "effects": [
                {
                  "_id": "PGfdHjwY8RaWrWXp",
                  "changes": [
                    {
                      "key": "@Skill{Дивні науки}[system.die.modifier]",
                      "mode": 2,
                      "value": 1
                    }
                  ],
                  "disabled": false,
                  "duration": {
                    "startTime": null
                  },
                  "flags": {},
                  "icon": "systems/swade/assets/icons/skills/raygun.svg",
                  "name": "Бонус походження (Дивні науки)",
                  "tint": null,
                  "transfer": true
                }
              ],
              "system": {
                "build": {
                  "cost": 1
                }
              }
            },
            "addToName": true
          },
          {
            "name": "Дослідження",
            "mutation": {
              "effects": [
                {
                  "_id": "PGfdHjwY8RaWrWXp",
                  "changes": [
                    {
                      "key": "@Skill{Дослідження}[system.die.modifier]",
                      "mode": 2,
                      "value": 1
                    }
                  ],
                  "disabled": false,
                  "duration": {
                    "startTime": null
                  },
                  "flags": {},
                  "icon": "systems/swade/assets/icons/skills/archive-research.svg",
                  "name": "Бонус походження (Дослідження)",
                  "tint": null,
                  "transfer": true
                }
              ],
              "system": {
                "build": {
                  "cost": 1
                }
              }
            },
            "addToName": true
          },
          {
            "name": "Електроніка",
            "mutation": {
              "effects": [
                {
                  "_id": "PGfdHjwY8RaWrWXp",
                  "changes": [
                    {
                      "key": "@Skill{Електроніка}[system.die.modifier]",
                      "mode": 2,
                      "value": 1
                    }
                  ],
                  "disabled": false,
                  "duration": {
                    "startTime": null
                  },
                  "flags": {},
                  "icon": "systems/swade/assets/icons/skills/circuitry.svg",
                  "name": "Бонус походження (Електроніка)",
                  "tint": null,
                  "transfer": true
                }
              ],
              "system": {
                "build": {
                  "cost": 1
                }
              }
            },
            "addToName": true
          },
          {
            "name": "Ерудиція",
            "mutation": {
              "effects": [
                {
                  "_id": "PGfdHjwY8RaWrWXp",
                  "changes": [
                    {
                      "key": "@Skill{Ерудиція}[system.die.modifier]",
                      "mode": 2,
                      "value": 1
                    }
                  ],
                  "disabled": false,
                  "duration": {
                    "startTime": null
                  },
                  "flags": {},
                  "icon": "systems/swade/assets/icons/skills/gift-of-knowledge.svg",
                  "name": "Бонус походження (Ерудиція)",
                  "tint": null,
                  "transfer": true
                }
              ],
              "system": {
                "build": {
                  "cost": 1
                }
              }
            },
            "addToName": true
          },
          {
            "name": "Залякування",
            "mutation": {
              "effects": [
                {
                  "_id": "PGfdHjwY8RaWrWXp",
                  "changes": [
                    {
                      "key": "@Skill{Залякування}[system.die.modifier]",
                      "mode": 2,
                      "value": 1
                    }
                  ],
                  "disabled": false,
                  "duration": {
                    "startTime": null
                  },
                  "flags": {},
                  "icon": "systems/swade/assets/icons/skills/arrest.svg",
                  "name": "Бонус походження (Залякування)",
                  "tint": null,
                  "transfer": true
                }
              ],
              "system": {
                "build": {
                  "cost": 1
                }
              }
            },
            "addToName": true
          },
          {
            "name": "Зламування",
            "mutation": {
              "effects": [
                {
                  "_id": "PGfdHjwY8RaWrWXp",
                  "changes": [
                    {
                      "key": "@Skill{Зламування}[system.die.modifier]",
                      "mode": 2,
                      "value": 1
                    }
                  ],
                  "disabled": false,
                  "duration": {
                    "startTime": null
                  },
                  "flags": {},
                  "icon": "systems/swade/assets/icons/skills/computing.svg",
                  "name": "Бонус походження (Зламування)",
                  "tint": null,
                  "transfer": true
                }
              ],
              "system": {
                "build": {
                  "cost": 1
                }
              }
            },
            "addToName": true
          },
          {
            "name": "Зосередження",
            "mutation": {
              "effects": [
                {
                  "_id": "PGfdHjwY8RaWrWXp",
                  "changes": [
                    {
                      "key": "@Skill{Зосередження}[system.die.modifier]",
                      "mode": 2,
                      "value": 1
                    }
                  ],
                  "disabled": false,
                  "duration": {
                    "startTime": null
                  },
                  "flags": {},
                  "icon": "systems/swade/assets/icons/skills/meditation.svg",
                  "name": "Бонус походження (Зосередження)",
                  "tint": null,
                  "transfer": true
                }
              ],
              "system": {
                "build": {
                  "cost": 1
                }
              }
            },
            "addToName": true
          },
          {
            "name": "Їздецтво",
            "mutation": {
              "effects": [
                {
                  "_id": "PGfdHjwY8RaWrWXp",
                  "changes": [
                    {
                      "key": "@Skill{Їздецтво}[system.die.modifier]",
                      "mode": 2,
                      "value": 1
                    }
                  ],
                  "disabled": false,
                  "duration": {
                    "startTime": null
                  },
                  "flags": {},
                  "icon": "systems/swade/assets/icons/skills/saddle.svg",
                  "name": "Бонус походження (Їздецтво)",
                  "tint": null,
                  "transfer": true
                }
              ],
              "system": {
                "build": {
                  "cost": 1
                }
              }
            },
            "addToName": true
          },
          {
            "name": "Крадіжка",
            "mutation": {
              "effects": [
                {
                  "_id": "PGfdHjwY8RaWrWXp",
                  "changes": [
                    {
                      "key": "@Skill{Крадіжка}[system.die.modifier]",
                      "mode": 2,
                      "value": 1
                    }
                  ],
                  "disabled": false,
                  "duration": {
                    "startTime": null
                  },
                  "flags": {},
                  "icon": "systems/swade/assets/icons/skills/lockpicks.svg",
                  "name": "Бонус походження (Крадіжка)",
                  "tint": null,
                  "transfer": true
                }
              ],
              "system": {
                "build": {
                  "cost": 1
                }
              }
            },
            "addToName": true
          },
          {
            "name": "Лікування",
            "mutation": {
              "effects": [
                {
                  "_id": "PGfdHjwY8RaWrWXp",
                  "changes": [
                    {
                      "key": "@Skill{Лікування}[system.die.modifier]",
                      "mode": 2,
                      "value": 1
                    }
                  ],
                  "disabled": false,
                  "duration": {
                    "startTime": null
                  },
                  "flags": {},
                  "icon": "systems/swade/assets/icons/skills/medical-pack.svg",
                  "name": "Бонус походження (Лікування)",
                  "tint": null,
                  "transfer": true
                }
              ],
              "system": {
                "build": {
                  "cost": 1
                }
              }
            },
            "addToName": true
          },
          {
            "name": "Мови",
            "mutation": {
              "effects": [
                {
                  "_id": "PGfdHjwY8RaWrWXp",
                  "changes": [
                    {
                      "key": "@Skill{Мови}[system.die.modifier]",
                      "mode": 2,
                      "value": 1
                    }
                  ],
                  "disabled": false,
                  "duration": {
                    "startTime": null
                  },
                  "flags": {},
                  "icon": "systems/swade/assets/icons/skills/talk.svg",
                  "name": "Бонус походження (Мови)",
                  "tint": null,
                  "transfer": true
                }
              ],
              "system": {
                "build": {
                  "cost": 1
                }
              }
            },
            "addToName": true
          },
          {
            "name": "Непомітність",
            "mutation": {
              "effects": [
                {
                  "_id": "PGfdHjwY8RaWrWXp",
                  "changes": [
                    {
                      "key": "@Skill{Непомітність}[system.die.modifier]",
                      "mode": 2,
                      "value": 1
                    }
                  ],
                  "disabled": false,
                  "duration": {
                    "startTime": null
                  },
                  "flags": {},
                  "icon": "systems/swade/assets/icons/skills/hidden.svg",
                  "name": "Бонус походження (Непомітність)",
                  "tint": null,
                  "transfer": true
                }
              ],
              "system": {
                "build": {
                  "cost": 1
                }
              }
            },
            "addToName": true
          },
          {
            "name": "Окультизм",
            "mutation": {
              "effects": [
                {
                  "_id": "PGfdHjwY8RaWrWXp",
                  "changes": [
                    {
                      "key": "@Skill{Окультизм}[system.die.modifier]",
                      "mode": 2,
                      "value": 1
                    }
                  ],
                  "disabled": false,
                  "duration": {
                    "startTime": null
                  },
                  "flags": {},
                  "icon": "systems/swade/assets/icons/skills/curled-tentacle.svg",
                  "name": "Бонус походження (Окультизм)",
                  "tint": null,
                  "transfer": true
                }
              ],
              "system": {
                "build": {
                  "cost": 1
                }
              }
            },
            "addToName": true
          },
          {
            "name": "Переконливість",
            "mutation": {
              "effects": [
                {
                  "_id": "PGfdHjwY8RaWrWXp",
                  "changes": [
                    {
                      "key": "@Skill{Переконливість}[system.die.modifier]",
                      "mode": 2,
                      "value": 1
                    }
                  ],
                  "disabled": false,
                  "duration": {
                    "startTime": null
                  },
                  "flags": {},
                  "icon": "systems/swade/assets/icons/skills/convince.svg",
                  "name": "Бонус походження (Переконливість)",
                  "tint": null,
                  "transfer": true
                }
              ],
              "system": {
                "build": {
                  "cost": 1
                }
              }
            },
            "addToName": true
          },
          {
            "name": "Пілотування",
            "mutation": {
              "effects": [
                {
                  "_id": "PGfdHjwY8RaWrWXp",
                  "changes": [
                    {
                      "key": "@Skill{Пілотування}[system.die.modifier]",
                      "mode": 2,
                      "value": 1
                    }
                  ],
                  "disabled": false,
                  "duration": {
                    "startTime": null
                  },
                  "flags": {},
                  "icon": "systems/swade/assets/icons/skills/airplane.svg",
                  "name": "Бонус походження (Пілотування)",
                  "tint": null,
                  "transfer": true
                }
              ],
              "system": {
                "build": {
                  "cost": 1
                }
              }
            },
            "addToName": true
          },
          {
            "name": "Провокація",
            "mutation": {
              "effects": [
                {
                  "_id": "PGfdHjwY8RaWrWXp",
                  "changes": [
                    {
                      "key": "@Skill{Провокація}[system.die.modifier]",
                      "mode": 2,
                      "value": 1
                    }
                  ],
                  "disabled": false,
                  "duration": {
                    "startTime": null
                  },
                  "flags": {},
                  "icon": "systems/swade/assets/icons/skills/confrontation.svg",
                  "name": "Бонус походження (Провокація)",
                  "tint": null,
                  "transfer": true
                }
              ],
              "system": {
                "build": {
                  "cost": 1
                }
              }
            },
            "addToName": true
          },
          {
            "name": "Псіоніка",
            "mutation": {
              "effects": [
                {
                  "_id": "PGfdHjwY8RaWrWXp",
                  "changes": [
                    {
                      "key": "@Skill{Псіоніка}[system.die.modifier]",
                      "mode": 2,
                      "value": 1
                    }
                  ],
                  "disabled": false,
                  "duration": {
                    "startTime": null
                  },
                  "flags": {},
                  "icon": "systems/swade/assets/icons/skills/psychic-waves.svg",
                  "name": "Бонус походження (Псіоніка)",
                  "tint": null,
                  "transfer": true
                }
              ],
              "system": {
                "build": {
                  "cost": 1
                }
              }
            },
            "addToName": true
          },
          {
            "name": "Ремесло",
            "mutation": {
              "effects": [
                {
                  "_id": "PGfdHjwY8RaWrWXp",
                  "changes": [
                    {
                      "key": "@Skill{Ремесло}[system.die.modifier]",
                      "mode": 2,
                      "value": 1
                    }
                  ],
                  "disabled": false,
                  "duration": {
                    "startTime": null
                  },
                  "flags": {},
                  "icon": "modules/swade-core-rules/assets/ability/ремесло.webp",
                  "name": "Бонус походження (Ремесло)",
                  "tint": null,
                  "transfer": true
                }
              ],
              "system": {
                "build": {
                  "cost": 1
                }
              }
            },
            "addToName": true
          },
          {
            "name": "Ремонт",
            "mutation": {
              "effects": [
                {
                  "_id": "PGfdHjwY8RaWrWXp",
                  "changes": [
                    {
                      "key": "@Skill{Ремонт}[system.die.modifier]",
                      "mode": 2,
                      "value": 1
                    }
                  ],
                  "disabled": false,
                  "duration": {
                    "startTime": null
                  },
                  "flags": {},
                  "icon": "systems/swade/assets/icons/skills/spanner.svg",
                  "name": "Бонус походження (Ремонт)",
                  "tint": null,
                  "transfer": true
                }
              ],
              "system": {
                "build": {
                  "cost": 1
                }
              }
            },
            "addToName": true
          },
          {
            "name": "Стратегія",
            "mutation": {
              "effects": [
                {
                  "_id": "jLZ80tPARXS6Pivb",
                  "changes": [
                    {
                      "key": "@Skill{Стратегія}[system.die.modifier]",
                      "mode": 2,
                      "value": 1
                    }
                  ],
                  "disabled": false,
                  "duration": {
                    "startTime": null
                  },
                  "flags": {},
                  "icon": "systems/swade/assets/icons/skills/battle-gear.svg",
                  "name": "Бонус походження (Стратегія)",
                  "tint": null,
                  "transfer": true
                }
              ],
              "system": {
                "build": {
                  "cost": 1
                }
              }
            },
            "addToName": true
          },
          {
            "name": "Стрільба",
            "mutation": {
              "effects": [
                {
                  "_id": "PGfdHjwY8RaWrWXp",
                  "changes": [
                    {
                      "key": "@Skill{Стрільба}[system.die.modifier]",
                      "mode": 2,
                      "value": 1
                    }
                  ],
                  "disabled": false,
                  "duration": {
                    "startTime": null
                  },
                  "flags": {},
                  "icon": "systems/swade/assets/icons/skills/crosshair.svg",
                  "name": "Бонус походження (Стрільба)",
                  "tint": null,
                  "transfer": true
                }
              ],
              "system": {
                "build": {
                  "cost": 1
                }
              }
            },
            "addToName": true
          },
          {
            "name": "Судноплавство",
            "mutation": {
              "effects": [
                {
                  "_id": "PGfdHjwY8RaWrWXp",
                  "changes": [
                    {
                      "key": "@Skill{Судноплавство}[system.die.modifier]",
                      "mode": 2,
                      "value": 1
                    }
                  ],
                  "disabled": false,
                  "duration": {
                    "startTime": null
                  },
                  "flags": {},
                  "icon": "systems/swade/assets/icons/skills/sailboat.svg",
                  "name": "Бонус походження (Судноплавство)",
                  "tint": null,
                  "transfer": true
                }
              ],
              "system": {
                "build": {
                  "cost": 1
                }
              }
            },
            "addToName": true
          },
          {
            "name": "Точні науки",
            "mutation": {
              "effects": [
                {
                  "_id": "PGfdHjwY8RaWrWXp",
                  "changes": [
                    {
                      "key": "@Skill{Точні науки}[system.die.modifier]",
                      "mode": 2,
                      "value": 1
                    }
                  ],
                  "disabled": false,
                  "duration": {
                    "startTime": null
                  },
                  "flags": {},
                  "icon": "systems/swade/assets/icons/skills/erlenmeyer.svg",
                  "name": "Бонус походження (Точні науки)",
                  "tint": null,
                  "transfer": true
                }
              ],
              "system": {
                "build": {
                  "cost": 1
                }
              }
            },
            "addToName": true
          },
          {
            "name": "Уважність",
            "mutation": {
              "effects": [
                {
                  "_id": "PGfdHjwY8RaWrWXp",
                  "changes": [
                    {
                      "key": "@Skill{Уважність}[system.die.modifier]",
                      "mode": 2,
                      "value": 1
                    }
                  ],
                  "disabled": false,
                  "duration": {
                    "startTime": null
                  },
                  "flags": {},
                  "icon": "systems/swade/assets/icons/skills/awareness.svg",
                  "name": "Бонус походження (Уважність)",
                  "tint": null,
                  "transfer": true
                }
              ],
              "system": {
                "build": {
                  "cost": 1
                }
              }
            },
            "addToName": true
          },
          {
            "name": "Чарування",
            "mutation": {
              "effects": [
                {
                  "_id": "PGfdHjwY8RaWrWXp",
                  "changes": [
                    {
                      "key": "@Skill{Чарування}[system.die.modifier]",
                      "mode": 2,
                      "value": 1
                    }
                  ],
                  "disabled": false,
                  "duration": {
                    "startTime": null
                  },
                  "flags": {},
                  "icon": "systems/swade/assets/icons/skills/spell-book.svg",
                  "name": "Бонус походження (Чарування)",
                  "tint": null,
                  "transfer": true
                }
              ],
              "system": {
                "build": {
                  "cost": 1
                }
              }
            },
            "addToName": true
          }
        ],
        "choice": null
      }
    ],
    "favorite": false,
    "grants": []
  },
  "_stats": {
    "coreVersion": "13.347",
    "systemId": "swade",
    "systemVersion": "5.0.5",
    "createdTime": 1756994285030,
    "modifiedTime": 1756994310757,
    "lastModifiedBy": "TW8E9Ylq0NMu40vd",
    "exportSource": {
      "worldId": "testsavage",
      "uuid": "Item.s7aeZdHTsnKQYzGr",
      "coreVersion": "13.347",
      "systemId": "swade",
      "systemVersion": "5.0.5"
    }
  },
  "folder": "MSZGJJcE8MglvoaH",
  "flags": {
    "sigil": {
      "completed": true
    }
  }
}