{
  "effects": [
    {
      "_id": "iTV63p0YQXWZF3rt",
      "changes": [
        {
          "key": "system.bennies.max",
          "mode": 2,
          "value": "1",
          "priority": null
        }
      ],
      "disabled": false,
      "duration": {
        "startTime": null,
        "seconds": null,
        "combat": null,
        "rounds": null,
        "turns": null,
        "startRound": null,
        "startTurn": null
      },
      "flags": {
        "sigil": {
          "completed": true
        }
      },
      "name": "Щасливці",
      "tint": "#ffffff",
      "transfer": true,
      "description": "<p>Піврослики отримують один додатковий @UUID[Compendium.swade-core-rules.swade-rules.swadecor03rules0.JournalEntryPage.03bennies0000000]{талан} на ігрову сесію.</p>",
      "_stats": {
        "coreVersion": "13.347",
        "systemId": "swade",
        "systemVersion": "5.0.5",
        "lastModifiedBy": null
      },
      "img": "systems/swade/assets/icons/ability.svg",
      "type": "base",
      "system": {
        "removeEffect": false,
        "expiration": null,
        "loseTurnOnHold": false,
        "favorite": false,
        "conditionalEffect": false
      },
      "origin": null,
      "statuses": [],
      "sort": 0
    }
  ],
  "img": "systems/swade/assets/icons/ability.svg",
  "name": "Щасливці (Піврослики)",
  "type": "ability",
  "system": {
    "source": "SWADE Core Rules UA",
    "additionalStats": {},
    "build": {
      "cost": 2,
      "limit": 1,
      "level": 1
    },
    "description": "<p>Піврослики отримують один додатковий @UUID[Compendium.swade-core-rules.swade-rules.swadecor03rules0.JournalEntryPage.03bennies0000000]{талан} на ігрову сесію.</p>",
    "grantsPowers": false,
    "notes": "",
    "subtype": "special",
    "category": "Особливі вміння",
    "swid": "luck-half-folk",
    "choiceSets": [],
    "favorite": false,
    "grants": []
  },
  "_stats": {
    "coreVersion": "13.347",
    "systemId": "swade",
    "systemVersion": "5.0.5",
    "createdTime": 1756994285030,
    "modifiedTime": 1756994296584,
    "lastModifiedBy": "TW8E9Ylq0NMu40vd",
    "exportSource": {
      "worldId": "testsavage",
      "uuid": "Item.yaAfJYLC2kS2qCAp",
      "coreVersion": "13.347",
      "systemId": "swade",
      "systemVersion": "5.0.5"
    }
  },
  "folder": "MSZGJJcE8MglvoaH",
  "flags": {
    "sigil": {
      "completed": true
    }
  }
}