{
  "effects": [],
  "img": "systems/swade/assets/icons/ability.svg",
  "name": "Поліпшена характеристика",
  "type": "ability",
  "system": {
    "source": "SWADE Core Rules UA",
    "additionalStats": {},
    "build": {
      "cost": 2,
      "limit": 1,
      "level": 1
    },
    "description": "<p><strong>Ліміт: необмежено.<br />Вартість: 2.</strong></p><p>Персонажі, створені з цим вмінням, можуть підвищити ступінь кістки певної @UUID[Compendium.swade-core-rules.swade-rules.swadecor01charac.JournalEntryPage.01traits00000000]{характеристики} (витримка, воля, кмітливість, міць, спритність). Це також додає модифікатор +1 до максимального можливого ступеня кістки.</p>",
    "grantsPowers": false,
    "notes": "",
    "subtype": "special",
    "category": "Позитивні",
    "swid": "attribute-increase",
    "choiceSets": [
      {
        "title": "Поліпшена характеристика",
        "choices": [
          {
            "name": "Спритність",
            "mutation": {
              "effects": [
                {
                  "_id": "AgilityIncrease0",
                  "changes": [
                    {
                      "key": "system.attributes.agility.die.sides",
                      "mode": 2,
                      "value": 2
                    }
                  ],
                  "disabled": false,
                  "duration": {
                    "startTime": null
                  },
                  "flags": {},
                  "icon": "systems/swade/assets/icons/ability.svg",
                  "name": "Поліпшення спритності (Походження)",
                  "tint": null,
                  "transfer": true,
                  "description": "<span class=\"lead-bold\">@Compendium[swade-core-rules.swade-racial-abilities.Attribute Penalty]{Покращення характеристики} (U): </span> Під час створення персонажа вид підвищує одну конкретну @UUID[Compendium.swade-core-rules.swade-rules.swadecor01charac.JournalEntryPage.01traits00000000]{характеристику} (Спритність, Кмітливість, Воля, Міць або Витримка) на один ступінь кістки. Це також підвищує максимальне значення цієї риси на одиницю."
                }
              ]
            },
            "addToName": true
          },
          {
            "name": "Кмітливість",
            "mutation": {
              "effects": [
                {
                  "_id": "SmartsIncrease00",
                  "changes": [
                    {
                      "key": "system.attributes.smarts.die.sides",
                      "mode": 2,
                      "value": 2
                    }
                  ],
                  "disabled": false,
                  "duration": {
                    "startTime": null
                  },
                  "flags": {},
                  "icon": "systems/swade/assets/icons/ability.svg",
                  "name": "Поліпшення кмітливості (Походження)",
                  "tint": null,
                  "transfer": true,
                  "description": "<span class=\"lead-bold\">@Compendium[swade-core-rules.swade-racial-abilities.Attribute Penalty]{Покращення характеристики} (U): </span> Під час створення персонажа вид підвищує одну конкретну @UUID[Compendium.swade-core-rules.swade-rules.swadecor01charac.JournalEntryPage.01traits00000000]{характеристику} (Спритність, Кмітливість, Воля, Міць або Витримка) на один ступінь кістки. Це також підвищує максимальне значення цієї риси на одиницю."
                }
              ]
            },
            "addToName": true
          },
          {
            "name": "Воля",
            "mutation": {
              "effects": [
                {
                  "_id": "SpiritIncrease00",
                  "changes": [
                    {
                      "key": "system.attributes.spirit.die.sides",
                      "mode": 2,
                      "value": 2
                    }
                  ],
                  "disabled": false,
                  "duration": {
                    "startTime": null
                  },
                  "flags": {},
                  "icon": "systems/swade/assets/icons/ability.svg",
                  "name": "Поліпшення волі (Походження)",
                  "tint": null,
                  "transfer": true,
                  "description": "<span class=\"lead-bold\">@Compendium[swade-core-rules.swade-racial-abilities.Attribute Penalty]{Покращення характеристики} (U): </span> Під час створення персонажа вид підвищує одну конкретну @UUID[Compendium.swade-core-rules.swade-rules.swadecor01charac.JournalEntryPage.01traits00000000]{характеристику} (Спритність, Кмітливість, Воля, Міць або Витримка) на один ступінь кістки. Це також підвищує максимальне значення цієї риси на одиницю."
                }
              ]
            },
            "addToName": true
          },
          {
            "name": "Міць",
            "mutation": {
              "effects": [
                {
                  "_id": "StrengthIncrease",
                  "changes": [
                    {
                      "key": "system.attributes.strength.die.sides",
                      "mode": 2,
                      "value": 2
                    }
                  ],
                  "disabled": false,
                  "duration": {
                    "startTime": null
                  },
                  "flags": {},
                  "icon": "systems/swade/assets/icons/ability.svg",
                  "name": "Поліпшення моці (Походження)",
                  "tint": null,
                  "transfer": true,
                  "description": "<span class=\"lead-bold\">@Compendium[swade-core-rules.swade-racial-abilities.Attribute Penalty]{Покращення характеристики} (U): </span> Під час створення персонажа вид підвищує одну конкретну @UUID[Compendium.swade-core-rules.swade-rules.swadecor01charac.JournalEntryPage.01traits00000000]{характеристику} (Спритність, Кмітливість, Воля, Міць або Витримка) на один ступінь кістки. Це також підвищує максимальне значення цієї риси на одиницю."
                }
              ]
            },
            "addToName": true
          },
          {
            "name": "Витримка",
            "mutation": {
              "effects": [
                {
                  "_id": "VigorIncrease000",
                  "changes": [
                    {
                      "key": "system.attributes.vigor.die.sides",
                      "mode": 2,
                      "value": 2
                    }
                  ],
                  "disabled": false,
                  "duration": {
                    "startTime": null
                  },
                  "flags": {},
                  "icon": "systems/swade/assets/icons/ability.svg",
                  "name": "Поліпшення витримки (Походження)",
                  "tint": null,
                  "transfer": true,
                  "description": "<span class=\"lead-bold\">@Compendium[swade-core-rules.swade-racial-abilities.Attribute Penalty]{Покращення характеристики} (U): </span> Під час створення персонажа вид підвищує одну конкретну @UUID[Compendium.swade-core-rules.swade-rules.swadecor01charac.JournalEntryPage.01traits00000000]{характеристику} (Спритність, Кмітливість, Воля, Міць або Витримка) на один ступінь кістки. Це також підвищує максимальне значення цієї риси на одиницю."
                }
              ]
            },
            "addToName": true
          }
        ],
        "choice": null
      }
    ],
    "favorite": false,
    "grants": []
  },
  "_stats": {
    "coreVersion": "13.347",
    "systemId": "swade",
    "systemVersion": "5.0.5",
    "createdTime": 1756994285030,
    "modifiedTime": 1756994296584,
    "lastModifiedBy": "TW8E9Ylq0NMu40vd",
    "exportSource": {
      "worldId": "testsavage",
      "uuid": "Item.4GEa6WDqgn0ZlPom",
      "coreVersion": "13.347",
      "systemId": "swade",
      "systemVersion": "5.0.5"
    }
  },
  "folder": "MSZGJJcE8MglvoaH",
  "flags": {
    "sigil": {
      "completed": true
    }
  }
}