{
  "effects": [],
  "img": "systems/swade/assets/icons/ability.svg",
  "name": "Недолік",
  "type": "ability",
  "system": {
    "source": "SWADE Core Rules UA",
    "additionalStats": {},
    "build": {
      "cost": -1,
      "limit": 1,
      "level": 1
    },
    "description": "<p><strong>Ліміт: необмежено.<br />Вартість: -1 або -2.</strong></p><p>Раса має притаманний їй дрібний @UUID[Compendium.swade-core-rules.swade-rules.swadecor01charac.JournalEntryPage.01hindrances0000]{недолік} за 1 очко або великий недолік за 2. Це не впливає на можливість вибрати інші недоліки під час створення персонажа.</p>",
    "grantsPowers": false,
    "notes": "",
    "subtype": "special",
    "category": "Негативні",
    "swid": "hindrance",
    "choiceSets": [
      {
        "title": "Тип недоліку - виберіть один.",
        "choices": [
          {
            "name": "Дрібний",
            "mutation": {
              "system": {
                "build": {
                  "cost": -1
                }
              }
            },
            "addToName": true
          },
          {
            "name": "Великий",
            "mutation": {
              "system": {
                "build": {
                  "cost": -2
                }
              }
            },
            "addToName": true
          }
        ],
        "choice": null
      }
    ],
    "favorite": false,
    "grants": []
  },
  "_stats": {
    "coreVersion": "13.347",
    "systemId": "swade",
    "systemVersion": "5.0.5",
    "createdTime": 1756994285030,
    "modifiedTime": 1756994296584,
    "lastModifiedBy": "TW8E9Ylq0NMu40vd",
    "exportSource": {
      "worldId": "testsavage",
      "uuid": "Item.HINDsFXsFJvZsIwc",
      "coreVersion": "13.347",
      "systemId": "swade",
      "systemVersion": "5.0.5"
    }
  },
  "folder": "MSZGJJcE8MglvoaH",
  "flags": {
    "sigil": {
      "completed": true
    }
  }
}