{
  "effects": [],
  "img": "systems/swade/assets/icons/ability.svg",
  "name": "Регенерація",
  "type": "ability",
  "system": {
    "source": "SWADE Core Rules UA",
    "additionalStats": {},
    "build": {
      "cost": 2,
      "limit": 1,
      "level": 1
    },
    "description": "<p><strong>Ліміт: 1.<br />Вартість: 2 або 3.</strong></p><p>Істота швидко загоює поранення. Раз на день вона може пройти перевірку @UUID[Compendium.swade-core-rules.swade-rules.swadecor03rules0.JournalEntryPage.03healing0000000]{природного зцілення} (а не раз на п’ять днів). За 3 очки можна позбуватися @UUID[Compendium.swade-core-rules.swade-rules.swadecor03rules0.JournalEntryPage.03damageeffect00]{постійних каліцтв}, якщо загоєні всі інші @UUID[Compendium.swade-core-rules.swade-rules.swadecor03rules0.JournalEntryPage.03damageeffect00]{рани}. Кожне каліцтво вважають додатковою @UUID[Compendium.swade-core-rules.swade-rules.swadecor03rules0.JournalEntryPage.03damageeffect00]{раною}, яку можна загоїти (істота може робити це раз на тиждень).</p>",
    "grantsPowers": false,
    "notes": "",
    "subtype": "special",
    "category": "Позитивні",
    "swid": "regeneration",
    "choiceSets": [
      {
        "title": "Оберіть тип регенерації.",
        "choices": [
          {
            "name": "Регенерація (Повільна)",
            "mutation": {
              "name": "Регенерація (Повільна)",
              "system": {
                "build": {
                  "cost": 2
                }
              }
            },
            "addToName": false
          },
          {
            "name": "Регенерація (Повільна + Каліцтва)",
            "mutation": {
              "name": "Регенерація (Повільна + Каліцтва)",
              "system": {
                "build": {
                  "cost": 3
                }
              }
            },
            "addToName": false
          }
        ],
        "choice": null
      }
    ],
    "favorite": false,
    "grants": []
  },
  "_stats": {
    "coreVersion": "13.347",
    "systemId": "swade",
    "systemVersion": "5.0.5",
    "createdTime": 1756994285030,
    "modifiedTime": 1756994296584,
    "lastModifiedBy": "TW8E9Ylq0NMu40vd",
    "exportSource": {
      "worldId": "testsavage",
      "uuid": "Item.REGEsFXsFJvZsIwc",
      "coreVersion": "13.347",
      "systemId": "swade",
      "systemVersion": "5.0.5"
    }
  },
  "folder": "MSZGJJcE8MglvoaH",
  "flags": {
    "sigil": {
      "completed": true
    }
  }
}