{
  "effects": [],
  "img": "systems/swade/assets/icons/ability.svg",
  "name": "Навичка (d6)",
  "type": "ability",
  "system": {
    "source": "SWADE Core Rules UA",
    "additionalStats": {},
    "build": {
      "cost": 2,
      "limit": 1,
      "level": 1
    },
    "description": "<p><strong>Ліміт: раз за навичку.<br />Вартість: 2.</strong></p><p>Персонаж починає з к6 для @UUID[Compendium.swade-core-rules.swade-rules.swadecor01charac.JournalEntryPage.01traits00000000]{навички}, добре розвиненої в його раси або народу. (Для базової навички варто обрати @Compendium[swade-core-rules.swade-racial-abilities.Item.Навичка (d4)]{Навичка (d4)}.)</p>",
    "grantsPowers": false,
    "notes": "",
    "subtype": "special",
    "category": "Позитивні",
    "swid": "skill",
    "choiceSets": [
      {
        "title": "Оберіть навичку.",
        "choices": [
          {
            "name": "Азартні ігри",
            "mutation": {
              "system": {
                "grants": [
                  {
                    "name": "Азартні ігри",
                    "uuid": "Compendium.swade-core-rules.swade-skills.Item.JhgyoJ0gUmCzrf7z",
                    "mutation": {
                      "system": {
                        "die": {
                          "sides": 6
                        }
                      }
                    }
                  }
                ]
              }
            },
            "addToName": true
          },
          {
            "name": "Артистичність",
            "mutation": {
              "system": {
                "grants": [
                  {
                    "name": "Артистичність",
                    "uuid": "Compendium.swade-core-rules.swade-skills.Item.UVdSzNvdAPmGk0iO",
                    "mutation": {
                      "system": {
                        "die": {
                          "sides": 6
                        }
                      }
                    }
                  }
                ]
              }
            },
            "addToName": true
          },
          {
            "name": "Атлетизм",
            "mutation": {
              "effects": [
                {
                  "_id": "4zWkT76bqRiY5Ubm",
                  "changes": [
                    {
                      "key": "@Skill{Атлетизм}[system.die.sides]",
                      "mode": 2,
                      "value": 2
                    }
                  ],
                  "disabled": false,
                  "duration": {
                    "startTime": null
                  },
                  "flags": {},
                  "icon": "systems/swade/assets/icons/skills/jump-across.svg",
                  "name": "Навичка походження к6 (Атлетизм)",
                  "tint": null,
                  "transfer": true
                }
              ],
              "system": {
                "build": {
                  "cost": 1
                }
              }
            },
            "addToName": true
          },
          {
            "name": "Бійка",
            "mutation": {
              "system": {
                "grants": [
                  {
                    "name": "Бійка",
                    "uuid": "Compendium.swade-core-rules.swade-skills.Item.jixNprOk5ao0aDyI",
                    "mutation": {
                      "system": {
                        "die": {
                          "sides": 6
                        }
                      }
                    }
                  }
                ]
              }
            },
            "addToName": true
          },
          {
            "name": "Виживання",
            "mutation": {
              "system": {
                "grants": [
                  {
                    "name": "Виживання",
                    "uuid": "Compendium.swade-core-rules.swade-skills.Item.zf0tDkEA1afk1rcs",
                    "mutation": {
                      "system": {
                        "die": {
                          "sides": 6
                        }
                      }
                    }
                  }
                ]
              }
            },
            "addToName": true
          },
          {
            "name": "Віра",
            "mutation": {
              "system": {
                "grants": [
                  {
                    "name": "Віра",
                    "uuid": "Compendium.swade-core-rules.swade-skills.Item.5qXzjDHdjaeYnBod",
                    "mutation": {
                      "system": {
                        "die": {
                          "sides": 6
                        }
                      }
                    }
                  }
                ]
              }
            },
            "addToName": true
          },
          {
            "name": "Водіння",
            "mutation": {
              "system": {
                "grants": [
                  {
                    "name": "Водіння",
                    "uuid": "Compendium.swade-core-rules.swade-skills.Item.DW20NotDIt72nKwK",
                    "mutation": {
                      "system": {
                        "die": {
                          "sides": 6
                        }
                      }
                    }
                  }
                ]
              }
            },
            "addToName": true
          },
          {
            "name": "Гуманітарні науки",
            "mutation": {
              "system": {
                "grants": [
                  {
                    "name": "Гуманітарні науки",
                    "uuid": "Compendium.swade-core-rules.swade-skills.Item.m5TZJMJA0lePG3AB",
                    "mutation": {
                      "system": {
                        "die": {
                          "sides": 6
                        }
                      }
                    }
                  }
                ]
              }
            },
            "addToName": true
          },
          {
            "name": "Дивні науки",
            "mutation": {
              "system": {
                "grants": [
                  {
                    "name": "Дивні науки",
                    "uuid": "Compendium.swade-core-rules.swade-skills.Item.VMM9LwHq3XEQFL9w",
                    "mutation": {
                      "system": {
                        "die": {
                          "sides": 6
                        }
                      }
                    }
                  }
                ]
              }
            },
            "addToName": true
          },
          {
            "name": "Дослідження",
            "mutation": {
              "system": {
                "grants": [
                  {
                    "name": "Дослідження",
                    "uuid": "Compendium.swade-core-rules.swade-skills.Item.Y1HxgTeyvoqM3SGZ",
                    "mutation": {
                      "system": {
                        "die": {
                          "sides": 6
                        }
                      }
                    }
                  }
                ]
              }
            },
            "addToName": true
          },
          {
            "name": "Електроніка",
            "mutation": {
              "system": {
                "grants": [
                  {
                    "name": "Електроніка",
                    "uuid": "Compendium.swade-core-rules.swade-skills.Item.91f2yizlcZskP6ie",
                    "mutation": {
                      "system": {
                        "die": {
                          "sides": 6
                        }
                      }
                    }
                  }
                ]
              }
            },
            "addToName": true
          },
          {
            "name": "Ерудиція",
            "mutation": {
              "effects": [
                {
                  "_id": "4zWkT76bqRiY5Ubm",
                  "changes": [
                    {
                      "key": "@Skill{Ерудиція}[system.die.sides]",
                      "mode": 2,
                      "value": 2
                    }
                  ],
                  "disabled": false,
                  "duration": {
                    "startTime": null
                  },
                  "flags": {},
                  "icon": "systems/swade/assets/icons/ability.svg",
                  "name": "Навичка походження к6 (Ерудиція)",
                  "tint": null,
                  "transfer": true
                }
              ],
              "system": {
                "build": {
                  "cost": 1
                }
              }
            },
            "addToName": true
          },
          {
            "name": "Залякування",
            "mutation": {
              "system": {
                "grants": [
                  {
                    "name": "Залякування",
                    "uuid": "Compendium.swade-core-rules.swade-skills.Item.TlMOxNi4U4YOnHId",
                    "mutation": {
                      "system": {
                        "die": {
                          "sides": 6
                        }
                      }
                    }
                  }
                ]
              }
            },
            "addToName": true
          },
          {
            "name": "Зламування",
            "mutation": {
              "system": {
                "grants": [
                  {
                    "name": "Зламування",
                    "uuid": "Compendium.swade-core-rules.swade-skills.Item.J88C2kh6GJScto0L",
                    "mutation": {
                      "system": {
                        "die": {
                          "sides": 6
                        }
                      }
                    }
                  }
                ]
              }
            },
            "addToName": true
          },
          {
            "name": "Зосередження",
            "mutation": {
              "system": {
                "grants": [
                  {
                    "name": "Зосередження",
                    "uuid": "Compendium.swade-core-rules.swade-skills.Item.3urCcNYxoelufQwp",
                    "mutation": {
                      "system": {
                        "die": {
                          "sides": 6
                        }
                      }
                    }
                  }
                ]
              }
            },
            "addToName": true
          },
          {
            "name": "Їздецтво",
            "mutation": {
              "system": {
                "grants": [
                  {
                    "name": "Їздецтво",
                    "uuid": "Compendium.swade-core-rules.swade-skills.Item.CGECIfK29PAeTupp",
                    "mutation": {
                      "system": {
                        "die": {
                          "sides": 6
                        }
                      }
                    }
                  }
                ]
              }
            },
            "addToName": true
          },
          {
            "name": "Крадіжка",
            "mutation": {
              "system": {
                "grants": [
                  {
                    "name": "Крадіжка",
                    "uuid": "Compendium.swade-core-rules.swade-skills.Item.RiG6qQrQoXtw3tvF",
                    "mutation": {
                      "system": {
                        "die": {
                          "sides": 6
                        }
                      }
                    }
                  }
                ]
              }
            },
            "addToName": true
          },
          {
            "name": "Лікування",
            "mutation": {
              "system": {
                "grants": [
                  {
                    "name": "Лікування",
                    "uuid": "Compendium.swade-core-rules.swade-skills.Item.Syo1BvITMeRV2Aat",
                    "mutation": {
                      "system": {
                        "die": {
                          "sides": 6
                        }
                      }
                    }
                  }
                ]
              }
            },
            "addToName": true
          },
          {
            "name": "Мови",
            "mutation": {
              "system": {
                "grants": [
                  {
                    "name": "Мови",
                    "uuid": "Compendium.swade-core-rules.swade-skills.Item.YdnNJzqn96If0E1W",
                    "mutation": {
                      "system": {
                        "die": {
                          "sides": 6
                        }
                      }
                    }
                  }
                ]
              }
            },
            "addToName": true
          },
          {
            "name": "Непомітність",
            "mutation": {
              "effects": [
                {
                  "_id": "4zWkT76bqRiY5Ubm",
                  "changes": [
                    {
                      "key": "@Skill{Непомітність}[system.die.sides]",
                      "mode": 2,
                      "value": 2
                    }
                  ],
                  "disabled": false,
                  "duration": {
                    "startTime": null
                  },
                  "flags": {},
                  "icon": "systems/swade/assets/icons/ability.svg",
                  "name": "Навичка походження к6 (Непомітність)",
                  "tint": null,
                  "transfer": true
                }
              ],
              "system": {
                "build": {
                  "cost": 1
                }
              }
            },
            "addToName": true
          },
          {
            "name": "Окультизм",
            "mutation": {
              "system": {
                "grants": [
                  {
                    "name": "Окультизм",
                    "uuid": "Compendium.swade-core-rules.swade-skills.Item.XMNmVhwrZmL47Vhg",
                    "mutation": {
                      "system": {
                        "die": {
                          "sides": 6
                        }
                      }
                    }
                  }
                ]
              }
            },
            "addToName": true
          },
          {
            "name": "Переконливість",
            "mutation": {
              "effects": [
                {
                  "_id": "4zWkT76bqRiY5Ubm",
                  "changes": [
                    {
                      "key": "@Skill{Переконливість}[system.die.sides]",
                      "mode": 2,
                      "value": 2
                    }
                  ],
                  "disabled": false,
                  "duration": {
                    "startTime": null
                  },
                  "flags": {},
                  "icon": "systems/swade/assets/icons/ability.svg",
                  "name": "Навичка походження к6 (Переконливість)",
                  "tint": null,
                  "transfer": true
                }
              ],
              "system": {
                "build": {
                  "cost": 1
                }
              }
            },
            "addToName": true
          },
          {
            "name": "Пілотування",
            "mutation": {
              "system": {
                "grants": [
                  {
                    "name": "Пілотування",
                    "uuid": "Compendium.swade-core-rules.swade-skills.Item.5RB13H0P7WvxVDBr",
                    "mutation": {
                      "system": {
                        "die": {
                          "sides": 6
                        }
                      }
                    }
                  }
                ]
              }
            },
            "addToName": true
          },
          {
            "name": "Провокація",
            "mutation": {
              "system": {
                "grants": [
                  {
                    "name": "Провокація",
                    "uuid": "Compendium.swade-core-rules.swade-skills.Item.yFPvkPIm0IR6eqch",
                    "mutation": {
                      "system": {
                        "die": {
                          "sides": 6
                        }
                      }
                    }
                  }
                ]
              }
            },
            "addToName": true
          },
          {
            "name": "Псіоніка",
            "mutation": {
              "system": {
                "grants": [
                  {
                    "name": "Псіоніка",
                    "uuid": "Compendium.swade-core-rules.swade-skills.Item.bkrB9AajSCSA6eIY",
                    "mutation": {
                      "system": {
                        "die": {
                          "sides": 6
                        }
                      }
                    }
                  }
                ]
              }
            },
            "addToName": true
          },
          {
            "name": "Ремесло",
            "mutation": {
              "system": {
                "grants": [
                  {
                    "name": "Ремесло",
                    "uuid": "Compendium.swade-core-rules.swade-skills.Item.QlR2kCil5fTceGiq"
                  }
                ]
              }
            },
            "addToName": true
          },
          {
            "name": "Ремонт",
            "mutation": {
              "system": {
                "grants": [
                  {
                    "name": "Ремонт",
                    "uuid": "Compendium.swade-core-rules.swade-skills.Item.lTxygYQbGn9OoxFz",
                    "mutation": {
                      "system": {
                        "die": {
                          "sides": 6
                        }
                      }
                    }
                  }
                ]
              }
            },
            "addToName": true
          },
          {
            "name": "Стратегія",
            "mutation": {
              "system": {
                "grants": [
                  {
                    "name": "Стратегія",
                    "uuid": "Compendium.swade-core-rules.swade-skills.Item.B0IirU8L6QzIN2fI",
                    "mutation": {
                      "system": {
                        "die": {
                          "sides": 6
                        }
                      }
                    }
                  }
                ]
              }
            },
            "addToName": true
          },
          {
            "name": "Стрільба",
            "mutation": {
              "system": {
                "grants": [
                  {
                    "name": "Стрільба",
                    "uuid": "Compendium.swade-core-rules.swade-skills.Item.UOYD9aoLPoTZamDS",
                    "mutation": {
                      "system": {
                        "die": {
                          "sides": 6
                        }
                      }
                    }
                  }
                ]
              }
            },
            "addToName": true
          },
          {
            "name": "Судноплавство",
            "mutation": {
              "system": {
                "grants": [
                  {
                    "name": "Судноплавство",
                    "uuid": "Compendium.swade-core-rules.swade-skills.Item.EUG8yRxxMLXxYpnv",
                    "mutation": {
                      "system": {
                        "die": {
                          "sides": 6
                        }
                      }
                    }
                  }
                ]
              }
            },
            "addToName": true
          },
          {
            "name": "Точні науки",
            "mutation": {
              "system": {
                "grants": [
                  {
                    "name": "Точні науки",
                    "uuid": "Compendium.swade-core-rules.swade-skills.Item.LMe7vPP4Y1n3c0Fb",
                    "mutation": {
                      "system": {
                        "die": {
                          "sides": 6
                        }
                      }
                    }
                  }
                ]
              }
            },
            "addToName": true
          },
          {
            "name": "Уважність",
            "mutation": {
              "effects": [
                {
                  "_id": "4zWkT76bqRiY5Ubm",
                  "changes": [
                    {
                      "key": "@Skill{Уважність}[system.die.sides]",
                      "mode": 2,
                      "value": 2
                    }
                  ],
                  "disabled": false,
                  "duration": {
                    "startTime": null
                  },
                  "flags": {},
                  "icon": "systems/swade/assets/icons/ability.svg",
                  "name": "Навичка походження d6 (Уважність)",
                  "tint": null,
                  "transfer": true
                }
              ],
              "system": {
                "build": {
                  "cost": 1
                }
              }
            },
            "addToName": true
          },
          {
            "name": "Чарування",
            "mutation": {
              "system": {
                "grants": [
                  {
                    "name": "Чарування",
                    "uuid": "Compendium.swade-core-rules.swade-skills.Item.Ii5r0pBeYHQvdYIp",
                    "mutation": {
                      "system": {
                        "die": {
                          "sides": 6
                        }
                      }
                    }
                  }
                ]
              }
            },
            "addToName": true
          }
        ],
        "choice": null
      }
    ],
    "favorite": false,
    "grants": []
  },
  "_stats": {
    "coreVersion": "13.347",
    "systemId": "swade",
    "systemVersion": "5.0.5",
    "createdTime": 1756994285030,
    "modifiedTime": 1756994296584,
    "lastModifiedBy": "TW8E9Ylq0NMu40vd",
    "exportSource": {
      "worldId": "testsavage",
      "uuid": "Item.19ZryraCmutpiIC2",
      "coreVersion": "13.347",
      "systemId": "swade",
      "systemVersion": "5.0.5"
    }
  },
  "folder": "MSZGJJcE8MglvoaH",
  "flags": {
    "sigil": {
      "completed": true
    }
  }
}