{
  "effects": [],
  "img": "systems/swade/assets/icons/ability.svg",
  "name": "Укус",
  "type": "ability",
  "system": {
    "source": "SWADE Core Rules UA",
    "additionalStats": {},
    "build": {
      "cost": 1,
      "limit": 1,
      "level": 1
    },
    "description": "<p><strong>Ліміт: 1.<br />Вартість: 1.</strong></p><p>Ця раса має ікла, які завдають міць + 1к4 ушкоджень. Докладніше див. <strong>@UUID[Compendium.swade-core-rules.swade-rules.swadecor03rules0.JournalEntryPage.03naturalweapo00]{«Природна зброя»}</strong>.</p>",
    "grantsPowers": false,
    "notes": "",
    "subtype": "special",
    "category": "Позитивні",
    "swid": "bite",
    "grants": [
      {
        "uuid": "Compendium.swade-core-rules.swade-personal-weapons.Item.NOA98ElhCtJc4XaX",
        "img": "icons/commodities/biological/mouth-toothed-purple.webp",
        "name": "Natural Bite"
      }
    ],
    "choiceSets": [],
    "favorite": false
  },
  "_stats": {
    "coreVersion": "13.347",
    "systemId": "swade",
    "systemVersion": "5.0.5",
    "createdTime": 1756994285030,
    "modifiedTime": 1756994296584,
    "lastModifiedBy": "TW8E9Ylq0NMu40vd",
    "exportSource": {
      "worldId": "testsavage",
      "uuid": "Item.BITEsFXsFJvZsIwc",
      "coreVersion": "13.347",
      "systemId": "swade",
      "systemVersion": "5.0.5"
    }
  },
  "folder": "MSZGJJcE8MglvoaH",
  "flags": {
    "sigil": {
      "completed": true
    }
  }
}