{
  "effects": [],
  "img": "systems/swade/assets/icons/ability.svg",
  "name": "Не дихає",
  "type": "ability",
  "system": {
    "source": "SWADE Core Rules UA",
    "additionalStats": {},
    "build": {
      "cost": 2,
      "limit": 1,
      "level": 1
    },
    "description": "<p><strong>Ліміт: 1.<br />Вартість: 2.</strong></p><p>Така істота не дихає. Вона невразлива до @UUID[Compendium.swade-core-rules.swade-rules.swadecor04theadv.JournalEntryPage.04poison00000000]{токсинів} у повітрі, не може @UUID[Compendium.swade-core-rules.swade-rules.swadecor04theadv.JournalEntryPage.04drowning000000]{потонути} чи задихнутися у вакуумі (однак може замерзнути).</p>",
    "grantsPowers": false,
    "notes": "",
    "subtype": "special",
    "category": "Позитивні",
    "swid": "doesnt-breathe",
    "choiceSets": [],
    "favorite": false,
    "grants": []
  },
  "_stats": {
    "coreVersion": "13.347",
    "systemId": "swade",
    "systemVersion": "5.0.5",
    "createdTime": 1756994285030,
    "modifiedTime": 1756994296584,
    "lastModifiedBy": "TW8E9Ylq0NMu40vd",
    "exportSource": {
      "worldId": "testsavage",
      "uuid": "Item.BREAsFXsFJvZsIwc",
      "coreVersion": "13.347",
      "systemId": "swade",
      "systemVersion": "5.0.5"
    }
  },
  "folder": "MSZGJJcE8MglvoaH",
  "flags": {
    "sigil": {
      "completed": true
    }
  }
}