{
  "effects": [],
  "img": "systems/swade/assets/icons/ability.svg",
  "name": "Вразливість до довкілля",
  "type": "ability",
  "system": {
    "source": "SWADE Core Rules UA",
    "additionalStats": {},
    "build": {
      "cost": -1,
      "limit": 1,
      "level": 1
    },
    "description": "<p><strong>Ліміт: необмежено.<br />Вартість: -1.</strong></p><p>Раса отримує штраф –4 до опору одному негативному ефекту довкілля, як-от @UUID[Compendium.swade-core-rules.swade-rules.swadecor04theadv.JournalEntryPage.04heat0000000000]{спека}, @UUID[Compendium.swade-core-rules.swade-rules.swadecor04theadv.JournalEntryPage.04cold0000000000]{холод}, брак повітря, радіація тощо. @UUID[Compendium.swade-core-rules.swade-rules.swadecor03rules0.JournalEntryPage.03dealingdamag00]{Ушкодження} від цього ефекту також збільшено на 4.</p>",
    "grantsPowers": false,
    "notes": "",
    "subtype": "special",
    "category": "Негативні",
    "swid": "environmental-weakness",
    "choiceSets": [],
    "favorite": false,
    "grants": []
  },
  "_stats": {
    "coreVersion": "13.347",
    "systemId": "swade",
    "systemVersion": "5.0.5",
    "createdTime": 1756994285030,
    "modifiedTime": 1756994296584,
    "lastModifiedBy": "TW8E9Ylq0NMu40vd",
    "exportSource": {
      "worldId": "testsavage",
      "uuid": "Item.WEAKsFXsFJvZsIwc",
      "coreVersion": "13.347",
      "systemId": "swade",
      "systemVersion": "5.0.5"
    }
  },
  "folder": "MSZGJJcE8MglvoaH",
  "flags": {
    "sigil": {
      "completed": true
    }
  }
}