{
  "effects": [],
  "img": "systems/swade/assets/icons/ability.svg",
  "name": "Навичка (d4)",
  "type": "ability",
  "system": {
    "source": "SWADE Core Rules UA",
    "additionalStats": {},
    "build": {
      "cost": 1,
      "limit": 1,
      "level": 1
    },
    "description": "<p><strong>Ліміт: раз за навичку.<br />Вартість: 1.</strong></p><p>Персонаж починає з к4 для @UUID[Compendium.swade-core-rules.swade-rules.swadecor01charac.JournalEntryPage.01traits00000000]{навички}, добре розвиненої в його раси або народу. Якщо це базова навичка, починає з к6, а максимум навички підвищено до 1к12 + 1.</p>",
    "grantsPowers": false,
    "notes": "",
    "subtype": "special",
    "category": "Позитивні",
    "swid": "skill",
    "choiceSets": [
      {
        "title": "Оберіть навичку.",
        "choices": [
          {
            "name": "Азартні ігри",
            "mutation": {
              "system": {
                "grants": [
                  {
                    "name": "Азартні ігри",
                    "uuid": "Compendium.swade-core-rules.swade-skills.Item.JhgyoJ0gUmCzrf7z"
                  }
                ]
              }
            },
            "addToName": true
          },
          {
            "name": "Артистичність",
            "mutation": {
              "system": {
                "grants": [
                  {
                    "name": "Артистичність",
                    "uuid": "Compendium.swade-core-rules.swade-skills.Item.UVdSzNvdAPmGk0iO"
                  }
                ]
              }
            },
            "addToName": true
          },
          {
            "name": "Бійка",
            "mutation": {
              "system": {
                "grants": [
                  {
                    "name": "Бійка",
                    "uuid": "Compendium.swade-core-rules.swade-skills.Item.jixNprOk5ao0aDyI"
                  }
                ]
              }
            },
            "addToName": true
          },
          {
            "name": "Виживання",
            "mutation": {
              "system": {
                "grants": [
                  {
                    "name": "Виживання",
                    "uuid": "Compendium.swade-core-rules.swade-skills.Item.zf0tDkEA1afk1rcs"
                  }
                ]
              }
            },
            "addToName": true
          },
          {
            "name": "Віра",
            "mutation": {
              "system": {
                "grants": [
                  {
                    "name": "Віра",
                    "uuid": "Compendium.swade-core-rules.swade-skills.Item.5qXzjDHdjaeYnBod"
                  }
                ]
              }
            },
            "addToName": true
          },
          {
            "name": "Водіння",
            "mutation": {
              "system": {
                "grants": [
                  {
                    "name": "Водіння",
                    "uuid": "Compendium.swade-core-rules.swade-skills.Item.DW20NotDIt72nKwK"
                  }
                ]
              }
            },
            "addToName": true
          },
          {
            "name": "Гуманітарні науки",
            "mutation": {
              "system": {
                "grants": [
                  {
                    "name": "Гуманітарні науки",
                    "uuid": "Compendium.swade-core-rules.swade-skills.Item.m5TZJMJA0lePG3AB"
                  }
                ]
              }
            },
            "addToName": true
          },
          {
            "name": "Дивні науки",
            "mutation": {
              "system": {
                "grants": [
                  {
                    "name": "Дивні науки",
                    "uuid": "Compendium.swade-core-rules.swade-skills.Item.VMM9LwHq3XEQFL9w"
                  }
                ]
              }
            },
            "addToName": true
          },
          {
            "name": "Дослідження",
            "mutation": {
              "system": {
                "grants": [
                  {
                    "name": "Дослідження",
                    "uuid": "Compendium.swade-core-rules.swade-skills.Item.Y1HxgTeyvoqM3SGZ"
                  }
                ]
              }
            },
            "addToName": true
          },
          {
            "name": "Електроніка",
            "mutation": {
              "system": {
                "grants": [
                  {
                    "name": "Електроніка",
                    "uuid": "Compendium.swade-core-rules.swade-skills.Item.91f2yizlcZskP6ie"
                  }
                ]
              }
            },
            "addToName": true
          },
          {
            "name": "Залякування",
            "mutation": {
              "system": {
                "grants": [
                  {
                    "name": "Залякування",
                    "uuid": "Compendium.swade-core-rules.swade-skills.Item.TlMOxNi4U4YOnHId"
                  }
                ]
              }
            },
            "addToName": true
          },
          {
            "name": "Зламування",
            "mutation": {
              "system": {
                "grants": [
                  {
                    "name": "Зламування",
                    "uuid": "Compendium.swade-core-rules.swade-skills.Item.J88C2kh6GJScto0L"
                  }
                ]
              }
            },
            "addToName": true
          },
          {
            "name": "Зосередження",
            "mutation": {
              "system": {
                "grants": [
                  {
                    "name": "Зосередження",
                    "uuid": "Compendium.swade-core-rules.swade-skills.Item.3urCcNYxoelufQwp"
                  }
                ]
              }
            },
            "addToName": true
          },
          {
            "name": "Їздецтво",
            "mutation": {
              "system": {
                "grants": [
                  {
                    "name": "Їздецтво",
                    "uuid": "Compendium.swade-core-rules.swade-skills.Item.CGECIfK29PAeTupp"
                  }
                ]
              }
            },
            "addToName": true
          },
          {
            "name": "Крадіжка",
            "mutation": {
              "system": {
                "grants": [
                  {
                    "name": "Крадіжка",
                    "uuid": "Compendium.swade-core-rules.swade-skills.Item.RiG6qQrQoXtw3tvF"
                  }
                ]
              }
            },
            "addToName": true
          },
          {
            "name": "Лікування",
            "mutation": {
              "system": {
                "grants": [
                  {
                    "name": "Лікування",
                    "uuid": "Compendium.swade-core-rules.swade-skills.Item.Syo1BvITMeRV2Aat"
                  }
                ]
              }
            },
            "addToName": true
          },
          {
            "name": "Мови",
            "mutation": {
              "system": {
                "grants": [
                  {
                    "name": "Мови",
                    "uuid": "Compendium.swade-core-rules.swade-skills.Item.YdnNJzqn96If0E1W"
                  }
                ]
              }
            },
            "addToName": true
          },
          {
            "name": "Окультизм",
            "mutation": {
              "system": {
                "grants": [
                  {
                    "name": "Окультизм",
                    "uuid": "Compendium.swade-core-rules.swade-skills.Item.XMNmVhwrZmL47Vhg"
                  }
                ]
              }
            },
            "addToName": true
          },
          {
            "name": "Пілотування",
            "mutation": {
              "system": {
                "grants": [
                  {
                    "name": "Пілотування",
                    "uuid": "Compendium.swade-core-rules.swade-skills.Item.5RB13H0P7WvxVDBr"
                  }
                ]
              }
            },
            "addToName": true
          },
          {
            "name": "Провокація",
            "mutation": {
              "system": {
                "grants": [
                  {
                    "name": "Провокація",
                    "uuid": "Compendium.swade-core-rules.swade-skills.Item.yFPvkPIm0IR6eqch"
                  }
                ]
              }
            },
            "addToName": true
          },
          {
            "name": "Псіоніка",
            "mutation": {
              "system": {
                "grants": [
                  {
                    "name": "Псіоніка",
                    "uuid": "Compendium.swade-core-rules.swade-skills.Item.bkrB9AajSCSA6eIY"
                  }
                ]
              }
            },
            "addToName": true
          },
          {
            "name": "Ремесло",
            "mutation": {
              "system": {
                "grants": [
                  {
                    "name": "Ремесло",
                    "uuid": "Compendium.swade-core-rules.swade-skills.Item.QlR2kCil5fTceGiq"
                  }
                ]
              }
            },
            "addToName": true
          },
          {
            "name": "Ремонт",
            "mutation": {
              "system": {
                "grants": [
                  {
                    "name": "Ремонт",
                    "uuid": "Compendium.swade-core-rules.swade-skills.Item.lTxygYQbGn9OoxFz"
                  }
                ]
              }
            },
            "addToName": true
          },
          {
            "name": "Стратегія",
            "mutation": {
              "system": {
                "grants": [
                  {
                    "name": "Стратегія",
                    "uuid": "Compendium.swade-core-rules.swade-skills.Item.B0IirU8L6QzIN2fI"
                  }
                ]
              }
            },
            "addToName": true
          },
          {
            "name": "Стрільба",
            "mutation": {
              "system": {
                "grants": [
                  {
                    "name": "Стрільба",
                    "uuid": "Compendium.swade-core-rules.swade-skills.Item.UOYD9aoLPoTZamDS"
                  }
                ]
              }
            },
            "addToName": true
          },
          {
            "name": "Судноплавство",
            "mutation": {
              "system": {
                "grants": [
                  {
                    "name": "Судноплавство",
                    "uuid": "Compendium.swade-core-rules.swade-skills.Item.EUG8yRxxMLXxYpnv"
                  }
                ]
              }
            },
            "addToName": true
          },
          {
            "name": "Точні науки",
            "mutation": {
              "system": {
                "grants": [
                  {
                    "name": "Точні науки",
                    "uuid": "Compendium.swade-core-rules.swade-skills.Item.LMe7vPP4Y1n3c0Fb"
                  }
                ]
              }
            },
            "addToName": true
          },
          {
            "name": "Чарування",
            "mutation": {
              "system": {
                "grants": [
                  {
                    "name": "Чарування",
                    "uuid": "Compendium.swade-core-rules.swade-skills.Item.Ii5r0pBeYHQvdYIp"
                  }
                ]
              }
            },
            "addToName": true
          }
        ],
        "choice": null
      }
    ],
    "favorite": false,
    "grants": []
  },
  "_stats": {
    "coreVersion": "13.347",
    "systemId": "swade",
    "systemVersion": "5.0.5",
    "createdTime": 1756994285030,
    "modifiedTime": 1756994296584,
    "lastModifiedBy": "TW8E9Ylq0NMu40vd",
    "exportSource": {
      "worldId": "testsavage",
      "uuid": "Item.D32Vl3sS9tQMg2UJ",
      "coreVersion": "13.347",
      "systemId": "swade",
      "systemVersion": "5.0.5"
    }
  },
  "folder": "MSZGJJcE8MglvoaH",
  "flags": {
    "sigil": {
      "completed": true
    }
  }
}