{
  "effects": [],
  "img": "systems/swade/assets/icons/ability.svg",
  "name": "Невміле відбивання",
  "type": "ability",
  "system": {
    "source": "SWADE Core Rules UA",
    "additionalStats": {},
    "build": {
      "cost": -1,
      "limit": 1,
      "level": 1
    },
    "description": "<p><strong>Ліміт: 3.<br />Вартість: -1.</strong></p><p>Ці істоти погано захищаються в ближньому бою; @UUID[Compendium.swade-core-rules.swade-rules.swadecor01charac.JournalEntryPage.01characters0000]{відбивання}: –1.</p>",
    "grantsPowers": false,
    "notes": "",
    "subtype": "special",
    "category": "Негативні",
    "swid": "poor-parry",
    "choiceSets": [
      {
        "title": "Невміле відбивання - Виберіть одне.",
        "choices": [
          {
            "name": "Невміле відбивання -1",
            "mutation": {
              "name": "Невміле відбивання (-1)",
              "effects": [
                {
                  "_id": "PoorParry0000000",
                  "changes": [
                    {
                      "key": "system.stats.parry.value",
                      "mode": 2,
                      "value": -1
                    }
                  ],
                  "disabled": false,
                  "duration": {
                    "startTime": null
                  },
                  "flags": {},
                  "icon": "systems/swade/assets/icons/ability.svg",
                  "name": "Невміле відбивання (Походження)",
                  "tint": null,
                  "transfer": true
                }
              ],
              "system": {
                "build": {
                  "cost": -1
                }
              }
            },
            "addToName": false
          },
          {
            "name": "Невміле відбивання -2",
            "mutation": {
              "name": "Невміле відбивання (-2)",
              "effects": [
                {
                  "_id": "PoorParry0000000",
                  "changes": [
                    {
                      "key": "system.stats.parry.value",
                      "mode": 2,
                      "value": -2
                    }
                  ],
                  "disabled": false,
                  "duration": {
                    "startTime": null
                  },
                  "flags": {},
                  "icon": "systems/swade/assets/icons/ability.svg",
                  "name": "Невміле відбивання (Походження)",
                  "tint": null,
                  "transfer": true
                }
              ],
              "system": {
                "build": {
                  "cost": -2
                }
              }
            },
            "addToName": false
          },
          {
            "name": "Невміле відбивання -3",
            "mutation": {
              "name": "Невміле відбивання (-3)",
              "effects": [
                {
                  "_id": "PoorParry0000000",
                  "changes": [
                    {
                      "key": "system.stats.parry.value",
                      "mode": 2,
                      "value": -3
                    }
                  ],
                  "disabled": false,
                  "duration": {
                    "startTime": null
                  },
                  "flags": {},
                  "icon": "systems/swade/assets/icons/ability.svg",
                  "name": "Невміле відбивання (Походження)",
                  "tint": null,
                  "transfer": true
                }
              ],
              "system": {
                "build": {
                  "cost": -3
                }
              }
            },
            "addToName": false
          }
        ],
        "choice": null
      }
    ],
    "favorite": false,
    "grants": []
  },
  "_stats": {
    "coreVersion": "13.347",
    "systemId": "swade",
    "systemVersion": "5.0.5",
    "createdTime": 1756994285030,
    "modifiedTime": 1756994296584,
    "lastModifiedBy": "TW8E9Ylq0NMu40vd",
    "exportSource": {
      "worldId": "testsavage",
      "uuid": "Item.POORsFXsFJvZsIwc",
      "coreVersion": "13.347",
      "systemId": "swade",
      "systemVersion": "5.0.5"
    }
  },
  "folder": "MSZGJJcE8MglvoaH",
  "flags": {
    "sigil": {
      "completed": true
    }
  }
}