{
  "effects": [],
  "img": "systems/swade/assets/icons/ability.svg",
  "name": "Адаптивність",
  "type": "ability",
  "system": {
    "source": "SWADE Core Rules UA",
    "additionalStats": {},
    "build": {
      "cost": 2,
      "limit": 1,
      "level": 1
    },
    "description": "<blockquote><p>Людина швидко перевчається й перебудовує план: опановує нові інструменти, ролі та протоколи на ходу, аби довести справу до результату.</p></blockquote><p><span class=\"lead-bold\">Ліміт: 1. <br />Вартість: 2.</span></p><p>Ця раса розмаїта й уміє пристосовуватися до нових умов. Персонажі починають з безкоштовною @UUID[Compendium.swade-core-rules.swade-rules.swadecor01charac.JournalEntryPage.01edges000000000]{перевагою} рангу «Новачок» (з дотриманням усіх її вимог).</p>",
    "grantsPowers": false,
    "notes": "",
    "subtype": "special",
    "category": "Позитивні",
    "swid": "adaptable",
    "choiceSets": [],
    "favorite": false,
    "grants": []
  },
  "_stats": {
    "coreVersion": "13.347",
    "systemId": "swade",
    "systemVersion": "5.0.5",
    "createdTime": 1756994285030,
    "modifiedTime": 1756994296584,
    "lastModifiedBy": "TW8E9Ylq0NMu40vd",
    "exportSource": {
      "worldId": "testsavage",
      "uuid": "Item.ADAPTFXsFJvZsIwc",
      "coreVersion": "13.347",
      "systemId": "swade",
      "systemVersion": "5.0.5"
    }
  },
  "folder": "MSZGJJcE8MglvoaH",
  "flags": {
    "sigil": {
      "completed": true
    }
  }
}