{
  "effects": [],
  "img": "systems/swade/assets/icons/ability.svg",
  "name": "Великий",
  "type": "ability",
  "system": {
    "source": "SWADE Core Rules UA",
    "additionalStats": {},
    "build": {
      "cost": -2,
      "limit": 1,
      "level": 1
    },
    "description": "<p><strong>Ліміт: 1.<br />Вартість: -2.</strong></p><p>Раса вирізняється великим розміром з-поміж інших мешканців світу. Персонаж має віднімати 2 від перевірок @UUID[Compendium.swade-core-rules.swade-rules.swadecor01charac.JournalEntryPage.01traits00000000]{рис}, якщо користується спорядженням, не призначеним спеціально для його раси. Також він не може носити броню або одяг інших рас. Спорядження, їжа й одяг коштують удвічі більше за вказану ціну.</p>",
    "grantsPowers": false,
    "notes": "",
    "subtype": "special",
    "category": "Негативні",
    "swid": "big",
    "choiceSets": [],
    "favorite": false,
    "grants": []
  },
  "_stats": {
    "coreVersion": "13.347",
    "systemId": "swade",
    "systemVersion": "5.0.5",
    "createdTime": 1756994285030,
    "modifiedTime": 1756994296584,
    "lastModifiedBy": "TW8E9Ylq0NMu40vd",
    "exportSource": {
      "worldId": "testsavage",
      "uuid": "Item.BIGWsFXsFJvZsIwc",
      "coreVersion": "13.347",
      "systemId": "swade",
      "systemVersion": "5.0.5"
    }
  },
  "folder": "MSZGJJcE8MglvoaH",
  "flags": {
    "sigil": {
      "completed": true
    }
  }
}