{
  "id": "swade-core-rules",
  "title": "Savage Worlds Adventure Edition Core Rules UA",
  "description": "<p>Цей модуль додає український переклад до <i>Savage Worlds Adventure Edition Core Rules</i></p>",
  "authors": [
    {
      "name": "Vorobushek UA",
      "discord": "vorobushek_ua",
      "email": "studnikovs@gmail.com",
      "url": ""
    }
  ],
  "version": "13.0.1.2",
  "compatibility": {
    "minimum": "13",
    "verified": "13.341"
  },
  "languages": [
    {
      "flags": {},
      "lang": "en",
      "name": "English",
      "path": "lang/en.json"
    },
    {
      "flags": {},
      "lang": "uk",
      "name": "Українська (Ukrainian)",
      "path": "lang/uk.json"
    }
  ],
  "scripts": [],
  "esmodules": [
    "./index.js"
  ],
  "tempaltes": [
    "./templates/sidebar/tracker.hbs",
    "./templates/sidebar/turn.hbs"
  ],
  "styles": [
    "./style.css"
  ],
  "socket": false,
  "packs": [
    {
      "label": "Колода Дій",
      "type": "Cards",
      "name": "swade-action-deck",
      "path": "packs/swade-action-deck.db",
      "system": "swade",
      "package": "swade-core-rules",
      "visible": true,
      "editable": true,
      "banner": "modules/swade-core-rules/assets/art/banners/banner_01.webp"
    },
    {
      "label": "Дії",
      "type": "Item",
      "name": "swade-actions",
      "path": "packs/swade-actions.db",
      "system": "swade",
      "package": "swade-core-rules",
      "visible": true,
      "editable": true,
      "banner": "modules/swade-core-rules/assets/art/banners/banner_02.webp"
    },
    {
      "label": "Броня",
      "name": "swade-armor",
      "type": "Item",
      "path": "packs/swade-armor.db",
      "system": "swade",
      "package": "swade-core-rules",
      "visible": true,
      "editable": true,
      "banner": "modules/swade-core-rules/assets/art/banners/banner_03.webp"
    },
    {
      "label": "Бестіарій",
      "name": "swade-bestiary",
      "type": "Actor",
      "path": "packs/swade-bestiary.db",
      "system": "swade",
      "package": "swade-core-rules",
      "visible": true,
      "editable": true,
      "banner": "modules/swade-core-rules/assets/art/banners/banner_04.webp"
    },
    {
      "label": "Переваги",
      "name": "swade-edges",
      "type": "Item",
      "path": "packs/swade-edges.db",
      "system": "swade",
      "package": "swade-core-rules",
      "visible": true,
      "editable": true,
      "banner": "modules/swade-core-rules/assets/art/banners/banner_05.webp"
    },
    {
      "label": "Спорядження",
      "name": "swade-equipment",
      "type": "Item",
      "path": "packs/swade-equipment.db",
      "system": "swade",
      "package": "swade-core-rules",
      "visible": true,
      "editable": true,
      "banner": "modules/swade-core-rules/assets/art/banners/banner_06.webp"
    },
    {
      "label": "Недоліки",
      "name": "swade-hindrances",
      "type": "Item",
      "path": "packs/swade-hindrances.db",
      "system": "swade",
      "package": "swade-core-rules",
      "visible": true,
      "editable": true,
      "banner": "modules/swade-core-rules/assets/art/banners/banner_07.webp"
    },
    {
      "label": "Макроси",
      "name": "swade-macros",
      "type": "Macro",
      "path": "packs/swade-macros.db",
      "system": "swade",
      "package": "swade-core-rules",
      "visible": true,
      "editable": true,
      "banner": "modules/swade-core-rules/assets/art/banners/banner_08.webp"
    },
    {
      "label": "Сучасна Вогнепальна Зброя",
      "name": "swade-modern-firearms",
      "type": "Item",
      "path": "packs/swade-modern-firearms.db",
      "system": "swade",
      "package": "swade-core-rules",
      "visible": true,
      "editable": true,
      "banner": "modules/swade-core-rules/assets/art/banners/banner_09.webp"
    },
    {
      "label": "Особиста Зброя",
      "name": "swade-personal-weapons",
      "type": "Item",
      "path": "packs/swade-personal-weapons.db",
      "system": "swade",
      "package": "swade-core-rules",
      "visible": true,
      "editable": true,
      "banner": "modules/swade-core-rules/assets/art/banners/banner_10.webp"
    },
    {
      "label": "Сили",
      "name": "swade-powers",
      "type": "Item",
      "path": "packs/swade-powers.db",
      "system": "swade",
      "package": "swade-core-rules",
      "visible": true,
      "editable": true,
      "banner": "modules/swade-core-rules/assets/art/banners/banner_11.webp"
    },
    {
      "label": "Раси",
      "name": "swade-races",
      "type": "Item",
      "path": "packs/swade-races.db",
      "system": "swade",
      "package": "swade-core-rules",
      "visible": true,
      "editable": true,
      "banner": "modules/swade-core-rules/assets/art/banners/banner_12.webp"
    },
    {
      "label": "Расові Вміння",
      "name": "swade-racial-abilities",
      "type": "Item",
      "path": "packs/swade-racial-abilities.db",
      "system": "swade",
      "package": "swade-core-rules",
      "visible": true,
      "editable": true,
      "banner": "modules/swade-core-rules/assets/art/banners/banner_13.webp"
    },
    {
      "label": "Правила",
      "name": "swade-rules",
      "type": "JournalEntry",
      "path": "packs/swade-rules.db",
      "system": "swade",
      "package": "swade-core-rules",
      "visible": true,
      "editable": true,
      "banner": "modules/swade-core-rules/assets/art/banners/banner_14.webp"
    },
    {
      "label": "Навички",
      "name": "swade-skills",
      "type": "Item",
      "path": "packs/swade-skills.db",
      "system": "swade",
      "package": "swade-core-rules",
      "visible": true,
      "editable": true,
      "banner": "modules/swade-core-rules/assets/art/banners/banner_15.webp"
    },
    {
      "label": "Особлива Зброя",
      "name": "swade-special-weapons",
      "type": "Item",
      "path": "packs/swade-special-weapons.db",
      "system": "swade",
      "package": "swade-core-rules",
      "visible": true,
      "editable": true,
      "banner": "modules/swade-core-rules/assets/art/banners/banner_16.webp"
    },
    {
      "label": "Особливі Вміння",
      "name": "swade-specialabilities",
      "type": "Item",
      "path": "packs/swade-specialabilities.db",
      "system": "swade",
      "package": "swade-core-rules",
      "visible": true,
      "editable": true,
      "banner": "modules/swade-core-rules/assets/art/banners/banner_17.webp"
    },
    {
      "label": "Таблиці",
      "name": "swade-tables",
      "type": "RollTable",
      "path": "packs/swade-tables.db",
      "system": "swade",
      "package": "swade-core-rules",
      "visible": true,
      "editable": true,
      "banner": "modules/swade-core-rules/assets/art/banners/banner_18.webp"
    },
    {
      "label": "Техніка",
      "name": "swade-vehicles",
      "type": "Actor",
      "path": "packs/swade-vehicles.db",
      "system": "swade",
      "package": "swade-core-rules",
      "visible": true,
      "editable": true,
      "banner": "modules/swade-core-rules/assets/art/banners/banner_19.webp"
    }
  ],
  "relationships": {
    "systems": [
      {
        "id": "swade",
        "type": "system",
        "manifest": "https://gitlab.com/api/v4/projects/16269883/packages/generic/swade/latest/system.json",
        "compatibility": {
          "minimum": "5",
          "verified": "5.0.5"
        },
        "flags": {
          "sigil": {
            "localDevVersion": {
              "distPath": "dist"
            }
          }
        }
      }
    ]
  },
  "packFolders": [
    {
      "name": "SWADE Core Rules UA",
      "sorting": "m",
      "color": "#7C6840",
      "packs": [
        "swade-rules",
        "swade-races",
        "swade-racial-abilities",
        "swade-specialabilities",
        "swade-actions",
        "swade-skills",
        "swade-edges",
        "swade-hindrances",
        "swade-powers",
        "swade-personal-weapons",
        "swade-modern-firearms",
        "swade-special-weapons",
        "swade-armor",
        "swade-equipment",
        "swade-vehicles",
        "swade-bestiary",
        "swade-macros",
        "swade-action-deck",
        "swade-tables"
      ]
    }
  ],
  "manifest": "https://github.com/sparrow-chik-chrk/swade-core-rules-ua/releases/download/v13.0.1.2/module.json",
  "download": "https://github.com/sparrow-chik-chrk/swade-core-rules-ua/releases/download/v13.0.1.2/swade-core-rules.zip"
}