{
  "effects": [],
  "folder": "X5GhqM8eqmGchLoL",
  "img": "systems/swade/assets/icons/ability.svg",
  "name": "Невразливість",
  "type": "ability",
  "system": {
    "source": "SWADE Core Rules UA",
    "additionalStats": {},
    "description": "<p>Деякі шалені історії розповідають про невмирущих чудовиськ, яких можна було знищити, лише дізнавшись їхню слабкість.</p><p>Невразливі істоти ігнорують ушкодження згідно зі своїм описом. Іншими видами ушкоджень їх можна @UUID[Compendium.swade-core-rules.swade-rules.swadecor03rules0.JournalEntryPage.03damageeffect00]{шокувати} та @UUID[Compendium.swade-core-rules.swade-rules.swadecor03rules0.JournalEntryPage.03stunned0000000]{приголомшити}, але не завдати їм @UUID[Compendium.swade-core-rules.swade-rules.swadecor03rules0.JournalEntryPage.03damageeffect00]{ран}, якщо не вказано іншого. Древнє зле божество, породжене довірливими сектантами, наприклад, може бути вразливим лише до уламків скла, взятих із храму, де його породили.</p>",
    "grantsPowers": false,
    "notes": "",
    "subtype": "special",
    "category": "Особливі вміння",
    "swid": "invulnerability",
    "choiceSets": [],
    "favorite": false,
    "grants": [],
    "build": {
      "limit": 1,
      "level": 1
    }
  },
  "_stats": {
    "coreVersion": "13.347",
    "systemId": "swade",
    "systemVersion": "5.0.5",
    "createdTime": 1756994219269,
    "modifiedTime": 1756994219269,
    "lastModifiedBy": "TW8E9Ylq0NMu40vd",
    "exportSource": {
      "worldId": "testsavage",
      "uuid": "Item.MB8qorZIX9jPiuwt",
      "coreVersion": "13.347",
      "systemId": "swade",
      "systemVersion": "5.0.5"
    }
  },
  "flags": {}
}