{
  "effects": [],
  "folder": "X5GhqM8eqmGchLoL",
  "img": "systems/swade/assets/icons/ability.svg",
  "name": "Заразність",
  "type": "ability",
  "system": {
    "source": "SWADE Core Rules UA",
    "additionalStats": {},
    "description": "<p>Укус @Compendium[swade-core-rules.swade-bestiary.Вампір]{вампіра}, відкладені @Compendium[swade-core-rules.swade-bestiary.Павук-велетень]{павукоподібною} істотою яйця під шкіру, @UUID[Compendium.swade-core-rules.swade-rules.swadecor04theadv.JournalEntryPage.04disease0000000]{хвороботворні} подряпини від @Compendium[swade-core-rules.swade-bestiary.Рій]{щурів} — усе це приклади заразності.</p><p>Персонаж, який зазнав @UUID[Compendium.swade-core-rules.swade-rules.swadecor03rules0.JournalEntryPage.03damageeffect00]{шоку} чи @UUID[Compendium.swade-core-rules.swade-rules.swadecor03rules0.JournalEntryPage.03damageeffect00]{рани} внаслідок атаки заразної істоти, повинен виконати кидок на @UUID[Compendium.swade-core-rules.swade-rules.swadecor01charac.JournalEntryPage.01traits00000000]{витримку}. Модифікатори кидка, як і результати його провалу, вказані в описі істоти.</p>",
    "grantsPowers": false,
    "notes": "",
    "subtype": "special",
    "category": "Особливі вміння",
    "swid": "infection",
    "choiceSets": [],
    "favorite": false,
    "grants": [],
    "build": {
      "limit": 1,
      "level": 1
    }
  },
  "_stats": {
    "coreVersion": "13.347",
    "systemId": "swade",
    "systemVersion": "5.0.5",
    "createdTime": 1756994219269,
    "modifiedTime": 1756994219269,
    "lastModifiedBy": "TW8E9Ylq0NMu40vd",
    "exportSource": {
      "worldId": "testsavage",
      "uuid": "Item.Rjfno780L3eDe93f",
      "coreVersion": "13.347",
      "systemId": "swade",
      "systemVersion": "5.0.5"
    }
  },
  "flags": {}
}