{
  "effects": [],
  "folder": "X5GhqM8eqmGchLoL",
  "img": "systems/swade/assets/icons/ability.svg",
  "name": "Швидка регенерація",
  "type": "ability",
  "system": {
    "source": "SWADE Core Rules UA",
    "additionalStats": {},
    "description": "<p>Легенди розповідають, що тролі, вампіри та деякі інші легендарні створіння можуть віднов- люватися від завданих їм ушкоджень.</p><p>Поранена істота щораунду виконує кидок на витримку — навіть якщо недієздатна. У разі успіху загоюється одна рана (або минає @UUID[Compendium.swade-core-rules.swade-rules.JournalEntry.swadecor03rules0.JournalEntryPage.03damageeffect00]{недієздатність}), а за надміру загоюється додаткова рана. @UUID[Compendium.swade-core-rules.swade-rules.JournalEntry.swadecor03rules0.JournalEntryPage.03damageeffect00]{Рани} від певних видів ушкоджень, вказаних в описі істоти, не загоюються регенерацією, але їх усе ще можна зцілити природним шляхом. Тролі, наприклад, не можуть регенерувати ушкодження, завдані вогнем.</p>",
    "grantsPowers": false,
    "notes": "",
    "subtype": "special",
    "category": "Особливі вміння",
    "swid": "fast-regeneration",
    "choiceSets": [],
    "favorite": false,
    "grants": [],
    "build": {
      "limit": 1,
      "level": 1
    }
  },
  "_stats": {
    "coreVersion": "13.347",
    "systemId": "swade",
    "systemVersion": "5.0.5",
    "createdTime": 1756994219269,
    "modifiedTime": 1756994219269,
    "lastModifiedBy": "TW8E9Ylq0NMu40vd",
    "exportSource": {
      "worldId": "testsavage",
      "uuid": "Item.jbJv2kOvMTXLYhfW",
      "coreVersion": "13.347",
      "systemId": "swade",
      "systemVersion": "5.0.5"
    }
  },
  "flags": {}
}