{
  "effects": [],
  "folder": "X5GhqM8eqmGchLoL",
  "img": "systems/swade/assets/icons/ability.svg",
  "name": "Страх",
  "type": "ability",
  "system": {
    "source": "SWADE Core Rules UA",
    "additionalStats": {},
    "description": "<p>Особливо страхітливі чудовиська змушують усіх, хто їх бачить, проходити перевірки <strong>@UUID[Compendium.swade-core-rules.swade-rules.JournalEntry.swadecor04theadv.JournalEntryPage.04fear0000000000]{страху}</strong>. </p>",
    "grantsPowers": false,
    "notes": "",
    "subtype": "special",
    "category": "Особливі вміння",
    "swid": "fear",
    "grants": [
      {
        "name": "Страх",
        "img": "modules/swade-core-rules/assets/actions/fear.webp",
        "uuid": "Compendium.swade-core-rules.swade-actions.Item.jNEVJGIedUtLRJ4L"
      }
    ],
    "choiceSets": [],
    "favorite": false,
    "build": {
      "limit": 1,
      "level": 1
    }
  },
  "_stats": {
    "coreVersion": "13.347",
    "systemId": "swade",
    "systemVersion": "5.0.5",
    "createdTime": 1756994219269,
    "modifiedTime": 1756994219269,
    "lastModifiedBy": "TW8E9Ylq0NMu40vd",
    "exportSource": {
      "worldId": "testsavage",
      "uuid": "Item.9rKLaNe5EnqCpPai",
      "coreVersion": "13.347",
      "systemId": "swade",
      "systemVersion": "5.0.5"
    }
  },
  "flags": {}
}