{
  "effects": [],
  "folder": "X5GhqM8eqmGchLoL",
  "img": "systems/swade/assets/icons/ability.svg",
  "name": "Діти ночі",
  "type": "ability",
  "system": {
    "source": "SWADE Core Rules UA",
    "additionalStats": {},
    "description": "<ul><li><strong>Children of the Night:</strong> Ancient vampires have the ability to summon and control wolves or rats. This requires an action and a @UUID[Compendium.swade-core-rules.swade-rules.swadecor01charac.JournalEntryPage.01traits00000000]{Smarts} roll at −2. If successful, [[1d6]] # Wolves summoned wolves or [[1d6]] # Swarms of rats summoned swarms of rats (see @Compendium[swade-core-rules.swade-bestiary.Swarm]{Swarm}) come from the surrounding wilds in [[1d6+2]] # Rounds until summoned rounds.</li></ul>",
    "grantsPowers": false,
    "notes": "",
    "subtype": "special",
    "category": "Особливі вміння",
    "swid": "children-of-the-night",
    "choiceSets": [],
    "favorite": false,
    "grants": [],
    "build": {
      "limit": 1,
      "level": 1
    }
  },
  "_stats": {
    "coreVersion": "13.347",
    "systemId": "swade",
    "systemVersion": "5.0.5",
    "createdTime": 1756994219269,
    "modifiedTime": 1756994219269,
    "lastModifiedBy": "TW8E9Ylq0NMu40vd",
    "exportSource": {
      "worldId": "testsavage",
      "uuid": "Item.xWwoGuxM9oe0urSf",
      "coreVersion": "13.347",
      "systemId": "swade",
      "systemVersion": "5.0.5"
    }
  },
  "flags": {}
}