{
  "effects": [],
  "folder": "X5GhqM8eqmGchLoL",
  "img": "systems/swade/assets/icons/ability.svg",
  "name": "Отрута",
  "type": "ability",
  "system": {
    "source": "SWADE Core Rules UA",
    "additionalStats": {},
    "description": "<p>Змії, павуки та багато інших істот вводять @UUID[Compendium.swade-core-rules.swade-rules.swadecor04theadv.JournalEntryPage.04poison00000000]{отруту} через укус чи подряпини. Для цього істота повинна принаймні спричинити @UUID[Compendium.swade-core-rules.swade-rules.swadecor03rules0.JournalEntryPage.03damageeffect00]{шок} жертві, яка тоді виконує кидок на @UUID[Compendium.swade-core-rules.swade-rules.swadecor01charac.JournalEntryPage.01traits00000000]{витримку} з модифікатором моці отрути (вказаний в дуж- ках після назви цього вміння). Ефекти провалу описані докладніше у секції <strong>@UUID[Compendium.swade-core-rules.swade-rules.swadecor04theadv.JournalEntryPage.04hazards0000000]{Небезпеки}</strong>.</p>",
    "grantsPowers": false,
    "notes": "",
    "subtype": "special",
    "category": "Особливі вміння",
    "swid": "poison",
    "grants": [
      {
        "name": "Отрута",
        "img": "modules/swade-core-rules/assets/actions/poison.webp",
        "uuid": "Compendium.swade-core-rules.swade-actions.Item.ZIIgOP8hwlQ48HI0"
      }
    ],
    "choiceSets": [],
    "favorite": false,
    "build": {
      "limit": 1,
      "level": 1
    }
  },
  "_stats": {
    "coreVersion": "13.347",
    "systemId": "swade",
    "systemVersion": "5.0.5",
    "createdTime": 1756994219269,
    "modifiedTime": 1756994219269,
    "lastModifiedBy": "TW8E9Ylq0NMu40vd",
    "exportSource": {
      "worldId": "testsavage",
      "uuid": "Item.Dv2xM8QDR4uEJKCe",
      "coreVersion": "13.347",
      "systemId": "swade",
      "systemVersion": "5.0.5"
    }
  },
  "flags": {}
}