{
  "effects": [
    {
      "_id": "zk4W4mwYBCR70M1H",
      "changes": [
        {
          "key": "system.wounds.ignored",
          "mode": 2,
          "value": "1",
          "priority": null
        }
      ],
      "disabled": false,
      "duration": {
        "startTime": null,
        "combat": null,
        "seconds": null,
        "rounds": null,
        "turns": null,
        "startRound": null,
        "startTurn": null
      },
      "flags": {},
      "name": "Стихійність",
      "tint": "#ffffff",
      "transfer": true,
      "_stats": {
        "coreVersion": "13.347",
        "systemId": "swade",
        "systemVersion": "5.0.5",
        "lastModifiedBy": null
      },
      "img": "systems/swade/assets/icons/ability.svg",
      "type": "base",
      "system": {
        "expiration": null,
        "removeEffect": false,
        "loseTurnOnHold": false,
        "favorite": false,
        "conditionalEffect": false
      },
      "description": "<p>Повітря, земля, вогонь і вода формують основи царств стихій, де мешкають дивовижні незбагненні створіння.</p><p>Тіла елементалів створені з чистих стихій: землі, води, повітря чи вогню, тому ігнорують додаткові ушкодження від @UUID[Compendium.swade-core-rules.swade-rules.swadecor03rules0.JournalEntryPage.03calledshots000]{точних пострілів} й 1 очко штрафів за @UUID[Compendium.swade-core-rules.swade-rules.swadecor03rules0.JournalEntryPage.03damageeffect00]{рани}, не мають потреби в їжі та повітрі, імунні до @UUID[Compendium.swade-core-rules.swade-rules.swadecor04theadv.JournalEntryPage.04disease0000000]{хвороб} й @UUID[Compendium.swade-core-rules.swade-rules.swadecor04theadv.JournalEntryPage.04poison00000000]{отрут}, лікуються лише природним @Compendium[swade-core-rules.swade-skills.Лікування]{зціленням} або за допомогою магії.</p>",
      "origin": null,
      "statuses": [],
      "sort": 0
    }
  ],
  "folder": "X5GhqM8eqmGchLoL",
  "img": "systems/swade/assets/icons/ability.svg",
  "name": "Стихійність",
  "type": "ability",
  "system": {
    "source": "SWADE Core Rules UA",
    "additionalStats": {},
    "description": "<p>Повітря, земля, вогонь і вода формують основи царств стихій, де мешкають дивовижні незбагненні створіння.</p><p>Тіла елементалів створені з чистих стихій: землі, води, повітря чи вогню, тому ігнорують додаткові ушкодження від @UUID[Compendium.swade-core-rules.swade-rules.swadecor03rules0.JournalEntryPage.03calledshots000]{точних пострілів} й 1 очко штрафів за @UUID[Compendium.swade-core-rules.swade-rules.swadecor03rules0.JournalEntryPage.03damageeffect00]{рани}, не мають потреби в їжі та повітрі, імунні до @UUID[Compendium.swade-core-rules.swade-rules.swadecor04theadv.JournalEntryPage.04disease0000000]{хвороб} й @UUID[Compendium.swade-core-rules.swade-rules.swadecor04theadv.JournalEntryPage.04poison00000000]{отрут}, лікуються лише природним @Compendium[swade-core-rules.swade-skills.Лікування]{зціленням} або за допомогою магії.</p>",
    "grantsPowers": false,
    "notes": "",
    "subtype": "special",
    "category": "Особливі вміння",
    "swid": "elemental",
    "choiceSets": [],
    "favorite": false,
    "grants": [],
    "build": {
      "limit": 1,
      "level": 1
    }
  },
  "_stats": {
    "coreVersion": "13.347",
    "systemId": "swade",
    "systemVersion": "5.0.5",
    "createdTime": 1756994219269,
    "modifiedTime": 1756994219269,
    "lastModifiedBy": "TW8E9Ylq0NMu40vd",
    "exportSource": {
      "worldId": "testsavage",
      "uuid": "Item.M8PbJm7sAMlUpiG3",
      "coreVersion": "13.347",
      "systemId": "swade",
      "systemVersion": "5.0.5"
    }
  },
  "flags": {}
}