{
  "effects": [
    {
      "_id": "R3mMga1S6dPN1jeF",
      "changes": [
        {
          "key": "system.stats.parry.value",
          "mode": 2,
          "value": "2"
        }
      ],
      "disabled": false,
      "duration": {
        "startTime": null,
        "combat": null
      },
      "flags": {},
      "name": "Swarm",
      "tint": "#ffffff",
      "transfer": true,
      "_stats": {
        "coreVersion": "13.347",
        "systemId": "swade",
        "systemVersion": "5.0.5",
        "lastModifiedBy": null
      },
      "img": "systems/swade/assets/icons/ability.svg",
      "type": "base",
      "system": {
        "removeEffect": false,
        "loseTurnOnHold": false,
        "favorite": false,
        "conditionalEffect": false
      },
      "description": "",
      "origin": null,
      "statuses": [],
      "sort": 0
    }
  ],
  "folder": "X5GhqM8eqmGchLoL",
  "img": "systems/swade/assets/icons/ability.svg",
  "name": "Рій",
  "type": "ability",
  "system": {
    "source": "SWADE Core Rules UA",
    "additionalStats": {},
    "description": "<ul><li><strong>Рій: </strong>+2 до кидків на оговтання від шоку, +2 до відбивання. Рої складаються з великої кількості маленьких істот, тож різальна та колюча зброя не завдає їм відчутної шкоди. Атаки з площею ураження працюють на них як зазвичай. Також персонаж може топтати рій, щораунду завдаючи ушкоджень, рівних своїй моці. Від деяких роїв (бджолиних, осиних, пташиних) можна сховатися, повністю занурившись під воду.</li></ul>",
    "grantsPowers": false,
    "notes": "",
    "subtype": "special",
    "category": "Особливі вміння",
    "swid": "swarm",
    "choiceSets": [],
    "favorite": false,
    "grants": [],
    "build": {
      "limit": 1,
      "level": 1
    }
  },
  "_stats": {
    "coreVersion": "13.347",
    "systemId": "swade",
    "systemVersion": "5.0.5",
    "createdTime": 1756994219269,
    "modifiedTime": 1756994219269,
    "lastModifiedBy": "TW8E9Ylq0NMu40vd",
    "exportSource": {
      "worldId": "testsavage",
      "uuid": "Item.0av1Wx4ULWAMb1wW",
      "coreVersion": "13.347",
      "systemId": "swade",
      "systemVersion": "5.0.5"
    }
  },
  "flags": {}
}