{
  "effects": [],
  "folder": "X5GhqM8eqmGchLoL",
  "img": "systems/swade/assets/icons/ability.svg",
  "name": "Імунітет",
  "type": "ability",
  "system": {
    "source": "SWADE Core Rules UA",
    "additionalStats": {},
    "description": "<p>Істот, народжених у вогні, не можна @UUID[Compendium.swade-core-rules.swade-rules.swadecor04theadv.JournalEntryPage.04heat0000000000]{спалити}, а створіння з чистої блискавки нечутливі до @Compendium[swade-core-rules.swade-powers.Розряд]{«Розрядів»} з електричним @UUID[Compendium.swade-core-rules.swade-rules.swadecor05powers.JournalEntryPage.05trappings00000]{проявом}. Імунітети бувають до певних видів атак, як-от @UUID[Compendium.swade-core-rules.swade-rules.swadecor04theadv.JournalEntryPage.04fire0000000000]{вогняних}, @UUID[Compendium.swade-core-rules.swade-rules.swadecor04theadv.JournalEntryPage.04cold0000000000]{холодових}, електричних тощо. Такі істоти не мають <strong>@UUID[Compendium.swade-core-rules.swade-rules.swadecor06bestia.JournalEntryPage.06specialabili19]{невразливості}</strong> (див. далі) — вони просто ігнорують @UUID[Compendium.swade-core-rules.swade-rules.swadecor03rules0.JournalEntryPage.03damageeffect00]{ушкодження} та @UUID[Compendium.swade-core-rules.swade-rules.swadecor03rules0.JournalEntryPage.03stunned0000000]{приголомшення} від певних видів атак.</p>",
    "grantsPowers": false,
    "notes": "",
    "subtype": "special",
    "category": "Особливі вміння",
    "swid": "immunity",
    "choiceSets": [],
    "favorite": false,
    "grants": [],
    "build": {
      "limit": 1,
      "level": 1
    }
  },
  "_stats": {
    "coreVersion": "13.347",
    "systemId": "swade",
    "systemVersion": "5.0.5",
    "createdTime": 1756994219269,
    "modifiedTime": 1756994219269,
    "lastModifiedBy": "TW8E9Ylq0NMu40vd",
    "exportSource": {
      "worldId": "testsavage",
      "uuid": "Item.GZYO1iFXi1fzbbhH",
      "coreVersion": "13.347",
      "systemId": "swade",
      "systemVersion": "5.0.5"
    }
  },
  "flags": {}
}