{
  "name": "Убивчий подих",
  "type": "ability",
  "img": "systems/swade/assets/icons/ability.svg",
  "system": {
    "description": "<p>Дракони й інші вогнедишні істоти використовують конусний шаблон для своїх атак. Убивчих подихів можна уникнути. </p><p>Виконання вбивчого подиху займає весь хід — істота не може застосовувати череду дій в тому ж раунді, в якому застосовує вбивчий подих (якщо в описі істоти не вказано іншого).</p>",
    "notes": "",
    "source": "SWADE Core Rules UA",
    "swid": "none",
    "additionalStats": {},
    "choiceSets": [],
    "favorite": false,
    "category": "Особливі вміння",
    "grants": [],
    "build": {
      "limit": 1,
      "level": 1
    },
    "subtype": "special",
    "grantsPowers": false
  },
  "effects": [],
  "folder": "X5GhqM8eqmGchLoL",
  "flags": {},
  "_stats": {
    "coreVersion": "13.347",
    "systemId": "swade",
    "systemVersion": "5.0.5",
    "createdTime": 1756994219269,
    "modifiedTime": 1756994219269,
    "lastModifiedBy": "TW8E9Ylq0NMu40vd",
    "exportSource": {
      "worldId": "testsavage",
      "uuid": "Item.6SCUTw3VqPzZLRPJ",
      "coreVersion": "13.347",
      "systemId": "swade",
      "systemVersion": "5.0.5"
    }
  }
}